parent_sku,product,full_product_name,color,sizes,variation_skus,copy_only_no_extension,website_filename,product_id
A023,Fuji V-Neck Button Knit Cardigan,Fuji V-Neck Button Knit Cardigan Wanita Korean Style Soft Knit Premium Fit Body Casual,Putih,,A023-putih,fujiputih,fujiputih.jpg,57400800398
A023,Fuji V-Neck Button Knit Cardigan,Fuji V-Neck Button Knit Cardigan Wanita Korean Style Soft Knit Premium Fit Body Casual,Dark Choco,,A023-coktua,fujidarkchoco,fujidarkchoco.jpg,57400800398
A023,Fuji V-Neck Button Knit Cardigan,Fuji V-Neck Button Knit Cardigan Wanita Korean Style Soft Knit Premium Fit Body Casual,Hitam,,A023-hitam,fujihitam,fujihitam.jpg,57400800398
A023,Fuji V-Neck Button Knit Cardigan,Fuji V-Neck Button Knit Cardigan Wanita Korean Style Soft Knit Premium Fit Body Casual,Maroon,,A023-marun,fujimaroon,fujimaroon.jpg,57400800398
A08,Vely Contrast Trim Button Cardigan,Vely Contrast Trim Button Cardigan Wanita Korean Style Soft Knit Premium Fit Body Casual,Dark Choco,,A08-coktu,velydarkchoco,velydarkchoco.jpg,57150891791
A08,Vely Contrast Trim Button Cardigan,Vely Contrast Trim Button Cardigan Wanita Korean Style Soft Knit Premium Fit Body Casual,Hitam,,A08-hitam,velyhitam,velyhitam.jpg,57150891791
A08,Vely Contrast Trim Button Cardigan,Vely Contrast Trim Button Cardigan Wanita Korean Style Soft Knit Premium Fit Body Casual,Maroon,,A08-marun,velymaroon,velymaroon.jpg,57150891791
A08,Vely Contrast Trim Button Cardigan,Vely Contrast Trim Button Cardigan Wanita Korean Style Soft Knit Premium Fit Body Casual,Putih,,A08-putih,velyputih,velyputih.jpg,57150891791
8010,Luna Brooklyn 99 Graphic Rounded,Luna Brooklyn 99 Graphic Rounded Hem Tee Wanita Korean Style Premium Rayon Spandex Casual,Khaki,,8010-khaki,lunabrooklynkhaki,lunabrooklynkhaki.jpg,56704511975
8010,Luna Brooklyn 99 Graphic Rounded,Luna Brooklyn 99 Graphic Rounded Hem Tee Wanita Korean Style Premium Rayon Spandex Casual,Hitam,,8010-hitam,lunabrooklynhitam,lunabrooklynhitam.jpg,56704511975
8010,Luna Brooklyn 99 Graphic Rounded,Luna Brooklyn 99 Graphic Rounded Hem Tee Wanita Korean Style Premium Rayon Spandex Casual,Abu,,8010-abu,lunabrooklynabu,lunabrooklynabu.jpg,56704511975
8010,Luna Brooklyn 99 Graphic Rounded,Luna Brooklyn 99 Graphic Rounded Hem Tee Wanita Korean Style Premium Rayon Spandex Casual,Salem,,8010-salem,lunabrooklynsalem,lunabrooklynsalem.jpg,56704511975
8010,Luna Brooklyn 99 Graphic Rounded,Luna Brooklyn 99 Graphic Rounded Hem Tee Wanita Korean Style Premium Rayon Spandex Casual,Maron,,8010-maron,lunabrooklynmaroon,lunabrooklynmaroon.jpg,56704511975
8010,Luna Brooklyn 99 Graphic Rounded,Luna Brooklyn 99 Graphic Rounded Hem Tee Wanita Korean Style Premium Rayon Spandex Casual,Coklat tua,,8010-coktua,lunabrooklyncoklattua,lunabrooklyncoklattua.jpg,56704511975
A32-,Myuzy Wavy Hem Collar Cardigan,Myuzy Wavy Hem Collar Cardigan Wanita Korean Style Soft Knit Premium Fit Body Casual,Maron,,A32-marun,myuzymaroon,myuzymaroon.jpg,56151298348
A32-,Myuzy Wavy Hem Collar Cardigan,Myuzy Wavy Hem Collar Cardigan Wanita Korean Style Soft Knit Premium Fit Body Casual,Putih,,A32-putih,myuzyputih,myuzyputih.jpg,56151298348
A32-,Myuzy Wavy Hem Collar Cardigan,Myuzy Wavy Hem Collar Cardigan Wanita Korean Style Soft Knit Premium Fit Body Casual,Coklat,,A32-coklat,myuzycoklat,myuzycoklat.jpg,56151298348
A32-,Myuzy Wavy Hem Collar Cardigan,Myuzy Wavy Hem Collar Cardigan Wanita Korean Style Soft Knit Premium Fit Body Casual,Hitam,,A32-hitam,myuzyhitam,myuzyhitam.jpg,56151298348
7016,Chia Square Neck Long Sleeve,Chia Square Neck Long Sleeve Oval Hem Crop Top Wanita Korean Style Premium Stretch Fit Body Casual,Salem,,7016-salem,chiasalem,chiasalem.jpg,55902451981
7016,Chia Square Neck Long Sleeve,Chia Square Neck Long Sleeve Oval Hem Crop Top Wanita Korean Style Premium Stretch Fit Body Casual,Abu,,7016-abu,chiaabu,chiaabu.jpg,55902451981
7016,Chia Square Neck Long Sleeve,Chia Square Neck Long Sleeve Oval Hem Crop Top Wanita Korean Style Premium Stretch Fit Body Casual,Khaki,,7016-khaki,chiakhaki,chiakhaki.jpg,55902451981
7016,Chia Square Neck Long Sleeve,Chia Square Neck Long Sleeve Oval Hem Crop Top Wanita Korean Style Premium Stretch Fit Body Casual,Hitam,,7016-hitam,chiahitam,chiahitam.jpg,55902451981
7016,Chia Square Neck Long Sleeve,Chia Square Neck Long Sleeve Oval Hem Crop Top Wanita Korean Style Premium Stretch Fit Body Casual,Cokelat,,7016-coklattua,chiacoklat,chiacoklat.jpg,55902451981
7016,Chia Square Neck Long Sleeve,Chia Square Neck Long Sleeve Oval Hem Crop Top Wanita Korean Style Premium Stretch Fit Body Casual,Maron,,7016-maron,chiamaroon,chiamaroon.jpg,55902451981
7014,Serena Square Neck Drawstring Pointed,Serena Square Neck Drawstring Pointed Hem Top Wanita Korean Style Premium Spandek Fit Body Casual,Hitam,,7014-hitam,serenahitam,serenahitam.jpg,55405466949
7014,Serena Square Neck Drawstring Pointed,Serena Square Neck Drawstring Pointed Hem Top Wanita Korean Style Premium Spandek Fit Body Casual,Khaki,,7014-khaki,serenakhaki,serenakhaki.jpg,55405466949
7014,Serena Square Neck Drawstring Pointed,Serena Square Neck Drawstring Pointed Hem Top Wanita Korean Style Premium Spandek Fit Body Casual,Maroon,,7014-marun,serenamaroon,serenamaroon.jpg,55405466949
7014,Serena Square Neck Drawstring Pointed,Serena Square Neck Drawstring Pointed Hem Top Wanita Korean Style Premium Spandek Fit Body Casual,Cokelat Tua,,7014-coktu,serenacoklattua,serenacoklattua.jpg,55405466949
7014,Serena Square Neck Drawstring Pointed,Serena Square Neck Drawstring Pointed Hem Top Wanita Korean Style Premium Spandek Fit Body Casual,Salem,,7014-salem,serenasalem,serenasalem.jpg,55405466949
7014,Serena Square Neck Drawstring Pointed,Serena Square Neck Drawstring Pointed Hem Top Wanita Korean Style Premium Spandek Fit Body Casual,Abu Tua,,7014-abu,serenaabutua,serenaabutua.jpg,55405466949
7011,Jessy V-Neck Collar Oval Hem,Jessy V-Neck Collar Oval Hem Crop Top Bordir ALO Wanita Korean Style Premium Rayon Spandex Fit Body Casual,Hitam,M/S/L,7011,jessyhitam,jessyhitam.jpg,54750033588
7011,Jessy V-Neck Collar Oval Hem,Jessy V-Neck Collar Oval Hem Crop Top Bordir ALO Wanita Korean Style Premium Rayon Spandex Fit Body Casual,Cokelat Tua,M/L/S,7011,jessycoklattua,jessycoklattua.jpg,54750033588
7011,Jessy V-Neck Collar Oval Hem,Jessy V-Neck Collar Oval Hem Crop Top Bordir ALO Wanita Korean Style Premium Rayon Spandex Fit Body Casual,Abu Tua,S/L/M,7011,jessyabutua,jessyabutua.jpg,54750033588
7011,Jessy V-Neck Collar Oval Hem,Jessy V-Neck Collar Oval Hem Crop Top Bordir ALO Wanita Korean Style Premium Rayon Spandex Fit Body Casual,Maron,M/L/S,7011,jessymaroon,jessymaroon.jpg,54750033588
7011,Jessy V-Neck Collar Oval Hem,Jessy V-Neck Collar Oval Hem Crop Top Bordir ALO Wanita Korean Style Premium Rayon Spandex Fit Body Casual,Ash Brown,S/M/L,7011,jessyashbrown,jessyashbrown.jpg,54750033588
7011,Jessy V-Neck Collar Oval Hem,Jessy V-Neck Collar Oval Hem Crop Top Bordir ALO Wanita Korean Style Premium Rayon Spandex Fit Body Casual,Fuschia,S/M/L,7011,jessyfuschia,jessyfuschia.jpg,54750033588
7011,Jessy V-Neck Collar Oval Hem,Jessy V-Neck Collar Oval Hem Crop Top Bordir ALO Wanita Korean Style Premium Rayon Spandex Fit Body Casual,Salem,M/S/L,7011,jessysalem,jessysalem.jpg,54750033588
7011,Jessy V-Neck Collar Oval Hem,Jessy V-Neck Collar Oval Hem Crop Top Bordir ALO Wanita Korean Style Premium Rayon Spandex Fit Body Casual,Lime,L/M/S,7011,jessylime,jessylime.jpg,54750033588
7011,Jessy V-Neck Collar Oval Hem,Jessy V-Neck Collar Oval Hem Crop Top Bordir ALO Wanita Korean Style Premium Rayon Spandex Fit Body Casual,Khaki,S/M/L,7011,jessykhaki,jessykhaki.jpg,54750033588
7011,Jessy V-Neck Collar Oval Hem,Jessy V-Neck Collar Oval Hem Crop Top Bordir ALO Wanita Korean Style Premium Rayon Spandex Fit Body Casual,Misty,S/M/L,7011,jessymisty,jessymisty.jpg,54750033588
6066,Aliya One Shoulder Lengan Panjang,Aliya One Shoulder Lengan Panjang Top Wanita Korean Style Premium Stretch Fit Body Casual,Coklat,M/XL/S/L,6066,aliyacoklat,aliyacoklat.jpg,53210955195
6066,Aliya One Shoulder Lengan Panjang,Aliya One Shoulder Lengan Panjang Top Wanita Korean Style Premium Stretch Fit Body Casual,Hitam,M/XL/L/S,6066,aliyahitam,aliyahitam.jpg,53210955195
6066,Aliya One Shoulder Lengan Panjang,Aliya One Shoulder Lengan Panjang Top Wanita Korean Style Premium Stretch Fit Body Casual,Plum,S/XL/M/L,6066,aliyaplum,aliyaplum.jpg,53210955195
6066,Aliya One Shoulder Lengan Panjang,Aliya One Shoulder Lengan Panjang Top Wanita Korean Style Premium Stretch Fit Body Casual,Abu Tua,S/XL/M/L,6066,aliyaabutua,aliyaabutua.jpg,53210955195
6066,Aliya One Shoulder Lengan Panjang,Aliya One Shoulder Lengan Panjang Top Wanita Korean Style Premium Stretch Fit Body Casual,Salem,S/XL/M/L,6066,aliyasalem,aliyasalem.jpg,53210955195
6066,Aliya One Shoulder Lengan Panjang,Aliya One Shoulder Lengan Panjang Top Wanita Korean Style Premium Stretch Fit Body Casual,Maroon,L/M/S/XL,6066,aliyamaroon,aliyamaroon.jpg,53210955195
7015,Mora Square Neck Drawstring Pointed,Mora Square Neck Drawstring Pointed Hem Top Wanita Korean Style Premium Rayon Spandex Fit Body Casual,Hitam,,7015-hitam,morahitam,morahitam.jpg,52454766199
7015,Mora Square Neck Drawstring Pointed,Mora Square Neck Drawstring Pointed Hem Top Wanita Korean Style Premium Rayon Spandex Fit Body Casual,Cokelat,,7015-coktu,moracoklat,moracoklat.jpg,52454766199
7015,Mora Square Neck Drawstring Pointed,Mora Square Neck Drawstring Pointed Hem Top Wanita Korean Style Premium Rayon Spandex Fit Body Casual,Salem,,7015-salem,morasalem,morasalem.jpg,52454766199
7015,Mora Square Neck Drawstring Pointed,Mora Square Neck Drawstring Pointed Hem Top Wanita Korean Style Premium Rayon Spandex Fit Body Casual,Abu,,7015-abu,moraabu,moraabu.jpg,52454766199
7015,Mora Square Neck Drawstring Pointed,Mora Square Neck Drawstring Pointed Hem Top Wanita Korean Style Premium Rayon Spandex Fit Body Casual,Maron,,7015-marun,moramaroon,moramaroon.jpg,52454766199
7015,Mora Square Neck Drawstring Pointed,Mora Square Neck Drawstring Pointed Hem Top Wanita Korean Style Premium Rayon Spandex Fit Body Casual,Khaki,,7015-khaki,morakhaki,morakhaki.jpg,52454766199
A35,Ayna Peplum Collar Button Cardigan,Ayna Peplum Collar Button Cardigan Wanita Korean Style Soft Knit Premium Fit Body Casual,Coklat,,A35-coklat,aynacoklat,aynacoklat.jpg,51401304399
A35,Ayna Peplum Collar Button Cardigan,Ayna Peplum Collar Button Cardigan Wanita Korean Style Soft Knit Premium Fit Body Casual,Hitam,,A35-hitam,aynahitam,aynahitam.jpg,51401304399
A35,Ayna Peplum Collar Button Cardigan,Ayna Peplum Collar Button Cardigan Wanita Korean Style Soft Knit Premium Fit Body Casual,Marun,,A35-marun,aynamaroon,aynamaroon.jpg,51401304399
A35,Ayna Peplum Collar Button Cardigan,Ayna Peplum Collar Button Cardigan Wanita Korean Style Soft Knit Premium Fit Body Casual,Putih,,A35-putih,aynaputih,aynaputih.jpg,51401304399
A10,Yuna Ruched Cross Back Duo,Yuna Ruched Cross Back Duo Top Set Wanita Korean Style Soft Knit Premium Fit Body Casual,Dark Choco,,A10-coktu,yunadarkchoco,yunadarkchoco.jpg,51301388367
A10,Yuna Ruched Cross Back Duo,Yuna Ruched Cross Back Duo Top Set Wanita Korean Style Soft Knit Premium Fit Body Casual,Maroon,,A10-marun,yunamaroon,yunamaroon.jpg,51301388367
A10,Yuna Ruched Cross Back Duo,Yuna Ruched Cross Back Duo Top Set Wanita Korean Style Soft Knit Premium Fit Body Casual,Hitam,,A10-hitam,yunahitam,yunahitam.jpg,51301388367
A10,Yuna Ruched Cross Back Duo,Yuna Ruched Cross Back Duo Top Set Wanita Korean Style Soft Knit Premium Fit Body Casual,Putih,,A10-putih,yunaputih,yunaputih.jpg,51301388367
A44,Dairy Atasan Wanita Korean Style,DAIRY Atasan Wanita Korean Style Ribbon Top Lengan Pendek | Baby Tee Pita Bahu | Kaos Rib Stretch Premium,Baby Pink Polkadot,,A44-polka,dairypinkdot,dairypinkdot.jpg,50261713792
A44,Dairy Atasan Wanita Korean Style,DAIRY Atasan Wanita Korean Style Ribbon Top Lengan Pendek | Baby Tee Pita Bahu | Kaos Rib Stretch Premium,Maron,,A44-marton,dairymaroon,dairymaroon.jpg,50261713792
A44,Dairy Atasan Wanita Korean Style,DAIRY Atasan Wanita Korean Style Ribbon Top Lengan Pendek | Baby Tee Pita Bahu | Kaos Rib Stretch Premium,Baby Blue,,A44-birumuda,dairybabyblue,dairybabyblue.jpg,50261713792
A44,Dairy Atasan Wanita Korean Style,DAIRY Atasan Wanita Korean Style Ribbon Top Lengan Pendek | Baby Tee Pita Bahu | Kaos Rib Stretch Premium,Ash Grey,,A44-abumuda,dairyashgrey,dairyashgrey.jpg,50261713792
A44,Dairy Atasan Wanita Korean Style,DAIRY Atasan Wanita Korean Style Ribbon Top Lengan Pendek | Baby Tee Pita Bahu | Kaos Rib Stretch Premium,Baby Blue Polkadot,,A44-polka,dairybluedot,dairybluedot.jpg,50261713792
A44,Dairy Atasan Wanita Korean Style,DAIRY Atasan Wanita Korean Style Ribbon Top Lengan Pendek | Baby Tee Pita Bahu | Kaos Rib Stretch Premium,Putih Polkadot,,A44-polka,dairyputihdot,dairyputihdot.jpg,50261713792
A44,Dairy Atasan Wanita Korean Style,DAIRY Atasan Wanita Korean Style Ribbon Top Lengan Pendek | Baby Tee Pita Bahu | Kaos Rib Stretch Premium,Hitam,,A44-hitam,dairyhitam,dairyhitam.jpg,50261713792
A44,Dairy Atasan Wanita Korean Style,DAIRY Atasan Wanita Korean Style Ribbon Top Lengan Pendek | Baby Tee Pita Bahu | Kaos Rib Stretch Premium,Hitam Polkadot,,A44-polka,dairyhitamdot,dairyhitamdot.jpg,50261713792
A44,Dairy Atasan Wanita Korean Style,DAIRY Atasan Wanita Korean Style Ribbon Top Lengan Pendek | Baby Tee Pita Bahu | Kaos Rib Stretch Premium,Navy,,A44-navy,dairynavy,dairynavy.jpg,50261713792
A44,Dairy Atasan Wanita Korean Style,DAIRY Atasan Wanita Korean Style Ribbon Top Lengan Pendek | Baby Tee Pita Bahu | Kaos Rib Stretch Premium,Dusty Pink,,A44-pink,dairypink,dairypink.jpg,50261713792
A42,Kanita Polo Collar Knit Top,Kanita Polo Collar Knit Top Bordir Love Wanita Korean Style Soft Knit Premium Fit Body Casual,Coklat,XL/S/M/L,A42,kanitacoklat,kanitacoklat.jpg,49657072412
A42,Kanita Polo Collar Knit Top,Kanita Polo Collar Knit Top Bordir Love Wanita Korean Style Soft Knit Premium Fit Body Casual,Putih,S/L/M/XL,A42,kanitaputih,kanitaputih.jpg,49657072412
A42,Kanita Polo Collar Knit Top,Kanita Polo Collar Knit Top Bordir Love Wanita Korean Style Soft Knit Premium Fit Body Casual,Maron,XL/S/M/L,A42,kanitamaroon,kanitamaroon.jpg,49657072412
A42,Kanita Polo Collar Knit Top,Kanita Polo Collar Knit Top Bordir Love Wanita Korean Style Soft Knit Premium Fit Body Casual,Hitam,XL/L/M/S,A42,kanitahitam,kanitahitam.jpg,49657072412
A41,Liana V-Neck Cropped Blazer Cardigan,Liana V-Neck Cropped Blazer Cardigan Wanita Korean Style Soft Knit Premium Fit Body Casual,Maroon,,A41-marun,lianamaroon,lianamaroon.jpg,48156316291
A41,Liana V-Neck Cropped Blazer Cardigan,Liana V-Neck Cropped Blazer Cardigan Wanita Korean Style Soft Knit Premium Fit Body Casual,Putih,,A41-putih,lianaputih,lianaputih.jpg,48156316291
A41,Liana V-Neck Cropped Blazer Cardigan,Liana V-Neck Cropped Blazer Cardigan Wanita Korean Style Soft Knit Premium Fit Body Casual,Hitam,,A41-hitam,lianahitam,lianahitam.jpg,48156316291
A41,Liana V-Neck Cropped Blazer Cardigan,Liana V-Neck Cropped Blazer Cardigan Wanita Korean Style Soft Knit Premium Fit Body Casual,Dark Choco,,A41-coktu,lianadarkchoco,lianadarkchoco.jpg,48156316291
A41,Liana V-Neck Cropped Blazer Cardigan,Liana V-Neck Cropped Blazer Cardigan Wanita Korean Style Soft Knit Premium Fit Body Casual,Dusty Pink,,A41-pink,lianapink,lianapink.jpg,48156316291
A41,Liana V-Neck Cropped Blazer Cardigan,Liana V-Neck Cropped Blazer Cardigan Wanita Korean Style Soft Knit Premium Fit Body Casual,Navy,,A41-navy,liananavy,liananavy.jpg,48156316291
7018,Ruby Coquette Bow Embroidery Crop,Ruby Coquette Bow Embroidery Crop Top V-Neck Collar Oval Hem Wanita Korean Style Premium Rayon Spandex Fit Body Casual,Maroon,S/L/M,7018,rubymaroon,rubymaroon.jpg,47406330262
7018,Ruby Coquette Bow Embroidery Crop,Ruby Coquette Bow Embroidery Crop Top V-Neck Collar Oval Hem Wanita Korean Style Premium Rayon Spandex Fit Body Casual,Abu Tua,L/M/S,7018,rubyabutua,rubyabutua.jpg,47406330262
7018,Ruby Coquette Bow Embroidery Crop,Ruby Coquette Bow Embroidery Crop Top V-Neck Collar Oval Hem Wanita Korean Style Premium Rayon Spandex Fit Body Casual,Cokelat,S/M/L,7018,rubycoklat,rubycoklat.jpg,47406330262
7018,Ruby Coquette Bow Embroidery Crop,Ruby Coquette Bow Embroidery Crop Top V-Neck Collar Oval Hem Wanita Korean Style Premium Rayon Spandex Fit Body Casual,Hitam,S/M/L,7018,rubyhitam,rubyhitam.jpg,47406330262
7018,Ruby Coquette Bow Embroidery Crop,Ruby Coquette Bow Embroidery Crop Top V-Neck Collar Oval Hem Wanita Korean Style Premium Rayon Spandex Fit Body Casual,Khaki,M/L/S,7018,rubykhaki,rubykhaki.jpg,47406330262
7018,Ruby Coquette Bow Embroidery Crop,Ruby Coquette Bow Embroidery Crop Top V-Neck Collar Oval Hem Wanita Korean Style Premium Rayon Spandex Fit Body Casual,Salem,L/S/M,7018,rubysalem,rubysalem.jpg,47406330262
7020,Nala Ruched V-Neck Basic Tee,Nala Ruched V-Neck Basic Tee Logo ALO Bordir Wanita Korean Style Premium Rayon Spandex Fit Body Casual,Hitam,,7020-htm,nalahitam,nalahitam.jpg,46609020149
7020,Nala Ruched V-Neck Basic Tee,Nala Ruched V-Neck Basic Tee Logo ALO Bordir Wanita Korean Style Premium Rayon Spandex Fit Body Casual,Abu Tua,,7020-abutua,nalaabutua,nalaabutua.jpg,46609020149
7020,Nala Ruched V-Neck Basic Tee,Nala Ruched V-Neck Basic Tee Logo ALO Bordir Wanita Korean Style Premium Rayon Spandex Fit Body Casual,Ashgrey,,7020-abumuda,nalaashgrey,nalaashgrey.jpg,46609020149
7020,Nala Ruched V-Neck Basic Tee,Nala Ruched V-Neck Basic Tee Logo ALO Bordir Wanita Korean Style Premium Rayon Spandex Fit Body Casual,Maron,,7020-maron,nalamaroon,nalamaroon.jpg,46609020149
7020,Nala Ruched V-Neck Basic Tee,Nala Ruched V-Neck Basic Tee Logo ALO Bordir Wanita Korean Style Premium Rayon Spandex Fit Body Casual,Coklat Tua,,7020-coktu,nalacoklattua,nalacoklattua.jpg,46609020149
7020,Nala Ruched V-Neck Basic Tee,Nala Ruched V-Neck Basic Tee Logo ALO Bordir Wanita Korean Style Premium Rayon Spandex Fit Body Casual,Lime,,7020-lime,nalalime,nalalime.jpg,46609020149
7020,Nala Ruched V-Neck Basic Tee,Nala Ruched V-Neck Basic Tee Logo ALO Bordir Wanita Korean Style Premium Rayon Spandex Fit Body Casual,Hijau,,7020-hijau,nalahijau,nalahijau.jpg,46609020149
7020,Nala Ruched V-Neck Basic Tee,Nala Ruched V-Neck Basic Tee Logo ALO Bordir Wanita Korean Style Premium Rayon Spandex Fit Body Casual,Biru,,7020-biru,nalabiru,nalabiru.jpg,46609020149
7023,Sienna Kaos Wanita Slim Fit,Sienna Kaos Wanita Slim Fit Serut Samping Korean Style Premium Rayon Spandex,Salem,,7023-salem,siennasalem,siennasalem.jpg,46313113577
7023,Sienna Kaos Wanita Slim Fit,Sienna Kaos Wanita Slim Fit Serut Samping Korean Style Premium Rayon Spandex,Abu Tua,,7023-abu,siennaabutua,siennaabutua.jpg,46313113577
7023,Sienna Kaos Wanita Slim Fit,Sienna Kaos Wanita Slim Fit Serut Samping Korean Style Premium Rayon Spandex,Hitam,,7023-hitam,siennahitam,siennahitam.jpg,46313113577
7023,Sienna Kaos Wanita Slim Fit,Sienna Kaos Wanita Slim Fit Serut Samping Korean Style Premium Rayon Spandex,Maron,,7023-maron,siennamaroon,siennamaroon.jpg,46313113577
7023,Sienna Kaos Wanita Slim Fit,Sienna Kaos Wanita Slim Fit Serut Samping Korean Style Premium Rayon Spandex,Cokelat,,7023-coklat,siennacoklat,siennacoklat.jpg,46313113577
7023,Sienna Kaos Wanita Slim Fit,Sienna Kaos Wanita Slim Fit Serut Samping Korean Style Premium Rayon Spandex,Khaki,,7023-khaki,siennakhaki,siennakhaki.jpg,46313113577
A33,Byka Button Knit Collar Cardigan,Byka Button Knit Collar Cardigan Slim Fit Wanita Korean Style Soft Knit Premium Long Sleeve Fit Body Casual,Dark Choco,,A33-coktu,bykadarkchoco,bykadarkchoco.jpg,45801033892
A33,Byka Button Knit Collar Cardigan,Byka Button Knit Collar Cardigan Slim Fit Wanita Korean Style Soft Knit Premium Long Sleeve Fit Body Casual,Maroon,,A33-marun,bykamaroon,bykamaroon.jpg,45801033892
A33,Byka Button Knit Collar Cardigan,Byka Button Knit Collar Cardigan Slim Fit Wanita Korean Style Soft Knit Premium Long Sleeve Fit Body Casual,Putih,,A33-putih,bykaputih,bykaputih.jpg,45801033892
A33,Byka Button Knit Collar Cardigan,Byka Button Knit Collar Cardigan Slim Fit Wanita Korean Style Soft Knit Premium Long Sleeve Fit Body Casual,Hitam,,A33-hitam,bykahitam,bykahitam.jpg,45801033892
A36,Liora Ruched Button Knit Cardigan,Liora Ruched Button Knit Cardigan Wanita Korean Style Soft Knit Premium Round Neck Fit Body Casual,Taro,,A36-taro,liorataro,liorataro.jpg,44422238362
A36,Liora Ruched Button Knit Cardigan,Liora Ruched Button Knit Cardigan Wanita Korean Style Soft Knit Premium Round Neck Fit Body Casual,Dark Choco,,A36-coktua,lioradarkchoco,lioradarkchoco.jpg,44422238362
A36,Liora Ruched Button Knit Cardigan,Liora Ruched Button Knit Cardigan Wanita Korean Style Soft Knit Premium Round Neck Fit Body Casual,Moss Green,,A36-hijau,lioramossgreen,lioramossgreen.jpg,44422238362
A36,Liora Ruched Button Knit Cardigan,Liora Ruched Button Knit Cardigan Wanita Korean Style Soft Knit Premium Round Neck Fit Body Casual,Hitam,,A36-hitam,liorahitam,liorahitam.jpg,44422238362
A36,Liora Ruched Button Knit Cardigan,Liora Ruched Button Knit Cardigan Wanita Korean Style Soft Knit Premium Round Neck Fit Body Casual,Misty,,A36-abu,lioramisty,lioramisty.jpg,44422238362
A36,Liora Ruched Button Knit Cardigan,Liora Ruched Button Knit Cardigan Wanita Korean Style Soft Knit Premium Round Neck Fit Body Casual,Soft Brown,,A36-coksu,liorasoftbrown,liorasoftbrown.jpg,44422238362
A36,Liora Ruched Button Knit Cardigan,Liora Ruched Button Knit Cardigan Wanita Korean Style Soft Knit Premium Round Neck Fit Body Casual,Misty Blue,,A36-biru,lioramistyblue,lioramistyblue.jpg,44422238362
A36,Liora Ruched Button Knit Cardigan,Liora Ruched Button Knit Cardigan Wanita Korean Style Soft Knit Premium Round Neck Fit Body Casual,Putih,,A36-putih,lioraputih,lioraputih.jpg,44422238362
A36,Liora Ruched Button Knit Cardigan,Liora Ruched Button Knit Cardigan Wanita Korean Style Soft Knit Premium Round Neck Fit Body Casual,Maron,,A36-marun,lioramaroon,lioramaroon.jpg,44422238362
A36,Liora Ruched Button Knit Cardigan,Liora Ruched Button Knit Cardigan Wanita Korean Style Soft Knit Premium Round Neck Fit Body Casual,Dusty Pink,,A36-pink,liorapink,liorapink.jpg,44422238362
A12,Carol Twist Ring Long Sleeve,Carol Twist Ring Long Sleeve Top Wanita Korean Style Soft Knit Premium Fit Body Casual,Soft Brown,,A12-coksu,carolsoftbrown,carolsoftbrown.jpg,44417441344
A12,Carol Twist Ring Long Sleeve,Carol Twist Ring Long Sleeve Top Wanita Korean Style Soft Knit Premium Fit Body Casual,Dusty Pink,,A12-pink,carolpink,carolpink.jpg,44417441344
A12,Carol Twist Ring Long Sleeve,Carol Twist Ring Long Sleeve Top Wanita Korean Style Soft Knit Premium Fit Body Casual,Misty Blue,,A12-biru,carolmistyblue,carolmistyblue.jpg,44417441344
A12,Carol Twist Ring Long Sleeve,Carol Twist Ring Long Sleeve Top Wanita Korean Style Soft Knit Premium Fit Body Casual,Moss Green,,A12-hijau,carolmossgreen,carolmossgreen.jpg,44417441344
A12,Carol Twist Ring Long Sleeve,Carol Twist Ring Long Sleeve Top Wanita Korean Style Soft Knit Premium Fit Body Casual,Coklat,,A12-coktu,carolcoklat,carolcoklat.jpg,44417441344
A12,Carol Twist Ring Long Sleeve,Carol Twist Ring Long Sleeve Top Wanita Korean Style Soft Knit Premium Fit Body Casual,Taro,,A12-taro,caroltaro,caroltaro.jpg,44417441344
A12,Carol Twist Ring Long Sleeve,Carol Twist Ring Long Sleeve Top Wanita Korean Style Soft Knit Premium Fit Body Casual,Misty,,A12-abu,carolmisty,carolmisty.jpg,44417441344
A26,Chloe Foldover Off Shoulder Knit,Chloe Foldover Off Shoulder Knit Top Wanita Korean Style Soft Knit Premium Fit Body Casual,Misty,,A26-abu,chloemisty,chloemisty.jpg,44417436406
A26,Chloe Foldover Off Shoulder Knit,Chloe Foldover Off Shoulder Knit Top Wanita Korean Style Soft Knit Premium Fit Body Casual,Taro,,A26-taro,chloetaro,chloetaro.jpg,44417436406
A26,Chloe Foldover Off Shoulder Knit,Chloe Foldover Off Shoulder Knit Top Wanita Korean Style Soft Knit Premium Fit Body Casual,Misty Blue,,A26-biru,chloemistyblue,chloemistyblue.jpg,44417436406
A26,Chloe Foldover Off Shoulder Knit,Chloe Foldover Off Shoulder Knit Top Wanita Korean Style Soft Knit Premium Fit Body Casual,Hitam,,A26-hitam,chloehitam,chloehitam.jpg,44417436406
A26,Chloe Foldover Off Shoulder Knit,Chloe Foldover Off Shoulder Knit Top Wanita Korean Style Soft Knit Premium Fit Body Casual,Light Blue,,A26-birmud,chloelightblue,chloelightblue.jpg,44417436406
A26,Chloe Foldover Off Shoulder Knit,Chloe Foldover Off Shoulder Knit Top Wanita Korean Style Soft Knit Premium Fit Body Casual,Moss Green,,A26-hijau,chloemossgreen,chloemossgreen.jpg,44417436406
A26,Chloe Foldover Off Shoulder Knit,Chloe Foldover Off Shoulder Knit Top Wanita Korean Style Soft Knit Premium Fit Body Casual,Dusty Pink,,A26-pink,chloepink,chloepink.jpg,44417436406
A26,Chloe Foldover Off Shoulder Knit,Chloe Foldover Off Shoulder Knit Top Wanita Korean Style Soft Knit Premium Fit Body Casual,Maron,,A26-maron,chloemaroon,chloemaroon.jpg,44417436406
A26,Chloe Foldover Off Shoulder Knit,Chloe Foldover Off Shoulder Knit Top Wanita Korean Style Soft Knit Premium Fit Body Casual,Putih,,A26-putih,chloeputih,chloeputih.jpg,44417436406
A26,Chloe Foldover Off Shoulder Knit,Chloe Foldover Off Shoulder Knit Top Wanita Korean Style Soft Knit Premium Fit Body Casual,Dark Choco,,A26-coktua,chloedarkchoco,chloedarkchoco.jpg,44417436406
A26,Chloe Foldover Off Shoulder Knit,Chloe Foldover Off Shoulder Knit Top Wanita Korean Style Soft Knit Premium Fit Body Casual,Soft Brown,,A26-coksu,chloesoftbrown,chloesoftbrown.jpg,44417436406
A27,Clara Cut Out One Shoulder,Clara Cut Out One Shoulder Top Wanita Korean Style Soft Knit Premium Fit Body Casual,Moss Green,,A27-hijau,claramossgreen,claramossgreen.jpg,44367422884
A27,Clara Cut Out One Shoulder,Clara Cut Out One Shoulder Top Wanita Korean Style Soft Knit Premium Fit Body Casual,Baby blue,,A27-birmud,clarababyblue,clarababyblue.jpg,44367422884
A27,Clara Cut Out One Shoulder,Clara Cut Out One Shoulder Top Wanita Korean Style Soft Knit Premium Fit Body Casual,Taro,,A27-taro,clarataro,clarataro.jpg,44367422884
A27,Clara Cut Out One Shoulder,Clara Cut Out One Shoulder Top Wanita Korean Style Soft Knit Premium Fit Body Casual,Misty,,A27-abu,claramisty,claramisty.jpg,44367422884
A27,Clara Cut Out One Shoulder,Clara Cut Out One Shoulder Top Wanita Korean Style Soft Knit Premium Fit Body Casual,Soft Brown,,A27-coksu,clarasoftbrown,clarasoftbrown.jpg,44367422884
A27,Clara Cut Out One Shoulder,Clara Cut Out One Shoulder Top Wanita Korean Style Soft Knit Premium Fit Body Casual,Dusty Pink,,A27-pink,clarapink,clarapink.jpg,44367422884
A27,Clara Cut Out One Shoulder,Clara Cut Out One Shoulder Top Wanita Korean Style Soft Knit Premium Fit Body Casual,Misty Blue,,A27-biru,claramistyblue,claramistyblue.jpg,44367422884
A04,Sofia Coquette Lace Bralette U,Sofia Coquette Lace Bralette U Neck Top Wanita Korean Style Soft Knit Premium Fit Body Casual - MOCHI Series,Misty,,A04-abu,sofiamisty,sofiamisty.jpg,44316067132
A04,Sofia Coquette Lace Bralette U,Sofia Coquette Lace Bralette U Neck Top Wanita Korean Style Soft Knit Premium Fit Body Casual - MOCHI Series,Sky Blue,,A04-biru,sofiaskyblue,sofiaskyblue.jpg,44316067132
A04,Sofia Coquette Lace Bralette U,Sofia Coquette Lace Bralette U Neck Top Wanita Korean Style Soft Knit Premium Fit Body Casual - MOCHI Series,Dusty Pink,,A04-pink,sofiapink,sofiapink.jpg,44316067132
A04,Sofia Coquette Lace Bralette U,Sofia Coquette Lace Bralette U Neck Top Wanita Korean Style Soft Knit Premium Fit Body Casual - MOCHI Series,Soft Brown,,A04-coksu,sofiasoftbrown,sofiasoftbrown.jpg,44316067132
6065,Kanaya Ruched V-Neck Asymmetrical Top,Kanaya Ruched V-Neck Asymmetrical Top Wanita Korean Style Premium Rayon Spandek Casual,Plum,,6065-plum,kanayaplum,kanayaplum.jpg,44161872892
6065,Kanaya Ruched V-Neck Asymmetrical Top,Kanaya Ruched V-Neck Asymmetrical Top Wanita Korean Style Premium Rayon Spandek Casual,Maron,,6065-maron,kanayamaroon,kanayamaroon.jpg,44161872892
6065,Kanaya Ruched V-Neck Asymmetrical Top,Kanaya Ruched V-Neck Asymmetrical Top Wanita Korean Style Premium Rayon Spandek Casual,Kubus,,6065-kubus,kanayakubus,kanayakubus.jpg,44161872892
6065,Kanaya Ruched V-Neck Asymmetrical Top,Kanaya Ruched V-Neck Asymmetrical Top Wanita Korean Style Premium Rayon Spandek Casual,Fuschia,,6065-fuschia,kanayafuschia,kanayafuschia.jpg,44161872892
6065,Kanaya Ruched V-Neck Asymmetrical Top,Kanaya Ruched V-Neck Asymmetrical Top Wanita Korean Style Premium Rayon Spandek Casual,Lime,,6065-lime,kanayalime,kanayalime.jpg,44161872892
6065,Kanaya Ruched V-Neck Asymmetrical Top,Kanaya Ruched V-Neck Asymmetrical Top Wanita Korean Style Premium Rayon Spandek Casual,Merah,,6065-merah,kanayamerah,kanayamerah.jpg,44161872892
6065,Kanaya Ruched V-Neck Asymmetrical Top,Kanaya Ruched V-Neck Asymmetrical Top Wanita Korean Style Premium Rayon Spandek Casual,Taro,,6065-taro,kanayataro,kanayataro.jpg,44161872892
6065,Kanaya Ruched V-Neck Asymmetrical Top,Kanaya Ruched V-Neck Asymmetrical Top Wanita Korean Style Premium Rayon Spandek Casual,Cokelat,,6065-coklat,kanayacoklat,kanayacoklat.jpg,44161872892
6065,Kanaya Ruched V-Neck Asymmetrical Top,Kanaya Ruched V-Neck Asymmetrical Top Wanita Korean Style Premium Rayon Spandek Casual,Army,,6065-army,kanayaarmy,kanayaarmy.jpg,44161872892
6065,Kanaya Ruched V-Neck Asymmetrical Top,Kanaya Ruched V-Neck Asymmetrical Top Wanita Korean Style Premium Rayon Spandek Casual,Navy,,6065-navy,kanayanavy,kanayanavy.jpg,44161872892
6065,Kanaya Ruched V-Neck Asymmetrical Top,Kanaya Ruched V-Neck Asymmetrical Top Wanita Korean Style Premium Rayon Spandek Casual,Putih,,6065-putih,kanayaputih,kanayaputih.jpg,44161872892
6065,Kanaya Ruched V-Neck Asymmetrical Top,Kanaya Ruched V-Neck Asymmetrical Top Wanita Korean Style Premium Rayon Spandek Casual,Denim,,6065-denim,kanayadenim,kanayadenim.jpg,44161872892
6065,Kanaya Ruched V-Neck Asymmetrical Top,Kanaya Ruched V-Neck Asymmetrical Top Wanita Korean Style Premium Rayon Spandek Casual,Hitam,,6065-hitam,kanayahitam,kanayahitam.jpg,44161872892
6065,Kanaya Ruched V-Neck Asymmetrical Top,Kanaya Ruched V-Neck Asymmetrical Top Wanita Korean Style Premium Rayon Spandek Casual,Abu Tua,,6065-abu,kanayaabutua,kanayaabutua.jpg,44161872892
6065,Kanaya Ruched V-Neck Asymmetrical Top,Kanaya Ruched V-Neck Asymmetrical Top Wanita Korean Style Premium Rayon Spandek Casual,Khaki,,6065-khaki,kanayakhaki,kanayakhaki.jpg,44161872892
6065,Kanaya Ruched V-Neck Asymmetrical Top,Kanaya Ruched V-Neck Asymmetrical Top Wanita Korean Style Premium Rayon Spandek Casual,Salem,,6065-salem,kanayasalem,kanayasalem.jpg,44161872892
6032,Lucia Square Neck Oval Hem,Lucia Square Neck Oval Hem Crop Top Wanita Korean Style Premium Spandex Stretch Fit Body Casual,abu,,6032-abu,luciaabu,luciaabu.jpg,44061876218
6032,Lucia Square Neck Oval Hem,Lucia Square Neck Oval Hem Crop Top Wanita Korean Style Premium Spandex Stretch Fit Body Casual,army,,6032-army,luciaarmy,luciaarmy.jpg,44061876218
6032,Lucia Square Neck Oval Hem,Lucia Square Neck Oval Hem Crop Top Wanita Korean Style Premium Spandex Stretch Fit Body Casual,salem,,6032-salem,luciasalem,luciasalem.jpg,44061876218
6032,Lucia Square Neck Oval Hem,Lucia Square Neck Oval Hem Crop Top Wanita Korean Style Premium Spandex Stretch Fit Body Casual,denim,,6032-denim,luciadenim,luciadenim.jpg,44061876218
6032,Lucia Square Neck Oval Hem,Lucia Square Neck Oval Hem Crop Top Wanita Korean Style Premium Spandex Stretch Fit Body Casual,kubus,,6032-kubus,luciakubus,luciakubus.jpg,44061876218
6032,Lucia Square Neck Oval Hem,Lucia Square Neck Oval Hem Crop Top Wanita Korean Style Premium Spandex Stretch Fit Body Casual,lemon,,6032-lemon,lucialemon,lucialemon.jpg,44061876218
6032,Lucia Square Neck Oval Hem,Lucia Square Neck Oval Hem Crop Top Wanita Korean Style Premium Spandex Stretch Fit Body Casual,Hitam,,6032-hitam,luciahitam,luciahitam.jpg,44061876218
6032,Lucia Square Neck Oval Hem,Lucia Square Neck Oval Hem Crop Top Wanita Korean Style Premium Spandex Stretch Fit Body Casual,navy,,6032-navy,lucianavy,lucianavy.jpg,44061876218
6032,Lucia Square Neck Oval Hem,Lucia Square Neck Oval Hem Crop Top Wanita Korean Style Premium Spandex Stretch Fit Body Casual,Khaki,,6032-khaki,luciakhaki,luciakhaki.jpg,44061876218
6032,Lucia Square Neck Oval Hem,Lucia Square Neck Oval Hem Crop Top Wanita Korean Style Premium Spandex Stretch Fit Body Casual,plum,,6032-plum,luciaplum,luciaplum.jpg,44061876218
6032,Lucia Square Neck Oval Hem,Lucia Square Neck Oval Hem Crop Top Wanita Korean Style Premium Spandex Stretch Fit Body Casual,Fuschia,,6032-fuschia,luciafuschia,luciafuschia.jpg,44061876218
6032,Lucia Square Neck Oval Hem,Lucia Square Neck Oval Hem Crop Top Wanita Korean Style Premium Spandex Stretch Fit Body Casual,Maron,,6032-maron,luciamaroon,luciamaroon.jpg,44061876218
6032,Lucia Square Neck Oval Hem,Lucia Square Neck Oval Hem Crop Top Wanita Korean Style Premium Spandex Stretch Fit Body Casual,Merah,,6032-merah,luciamerah,luciamerah.jpg,44061876218
6032,Lucia Square Neck Oval Hem,Lucia Square Neck Oval Hem Crop Top Wanita Korean Style Premium Spandex Stretch Fit Body Casual,Lime,,6032-lime,lucialime,lucialime.jpg,44061876218
6032,Lucia Square Neck Oval Hem,Lucia Square Neck Oval Hem Crop Top Wanita Korean Style Premium Spandex Stretch Fit Body Casual,Cokelat,,6032-coklat,luciacoklat,luciacoklat.jpg,44061876218
A15,Cantika Bow Strap Off Shoulder,Cantika Bow Strap Off Shoulder Top Wanita Korean Style Ribbed Soft Knit Premium Fit Body Casual,Misty Blue,,A15-biru,cantikamistyblue,cantikamistyblue.jpg,43870687876
A15,Cantika Bow Strap Off Shoulder,Cantika Bow Strap Off Shoulder Top Wanita Korean Style Ribbed Soft Knit Premium Fit Body Casual,Moss Green,,A15-hijau,cantikamossgreen,cantikamossgreen.jpg,43870687876
A15,Cantika Bow Strap Off Shoulder,Cantika Bow Strap Off Shoulder Top Wanita Korean Style Ribbed Soft Knit Premium Fit Body Casual,Taro,,A15-taro,cantikataro,cantikataro.jpg,43870687876
A15,Cantika Bow Strap Off Shoulder,Cantika Bow Strap Off Shoulder Top Wanita Korean Style Ribbed Soft Knit Premium Fit Body Casual,Misty,,A15-abu,cantikamisty,cantikamisty.jpg,43870687876
A15,Cantika Bow Strap Off Shoulder,Cantika Bow Strap Off Shoulder Top Wanita Korean Style Ribbed Soft Knit Premium Fit Body Casual,Soft Brown,,A15-coksu,cantikasoftbrown,cantikasoftbrown.jpg,43870687876
A15,Cantika Bow Strap Off Shoulder,Cantika Bow Strap Off Shoulder Top Wanita Korean Style Ribbed Soft Knit Premium Fit Body Casual,Dusty Pink,,A15-pink,cantikapink,cantikapink.jpg,43870687876
JSA02,Rosel Knit Crop Tank Top,Rosel Knit Crop Tank Top Wanita Korean Style Soft Knit Premium Fit Body Casual,Biru Muda,,JSA02-biru,roselbirumuda,roselbirumuda.jpg,43656257404
JSA02,Rosel Knit Crop Tank Top,Rosel Knit Crop Tank Top Wanita Korean Style Soft Knit Premium Fit Body Casual,Oeatmeal,,JSA02-crem,roseloatmeal,roseloatmeal.jpg,43656257404
JSA02,Rosel Knit Crop Tank Top,Rosel Knit Crop Tank Top Wanita Korean Style Soft Knit Premium Fit Body Casual,Putih,,JSA02-puth,roselputih,roselputih.jpg,43656257404
8011,Luna New York 88 Graphic,Luna New York 88 Graphic Rounded Hem Tee Wanita Korean Style Premium Rayon Spandex Casual,Hitam,,8011-hitam,lunanewyorkhitam,lunanewyorkhitam.jpg,43627960162
8011,Luna New York 88 Graphic,Luna New York 88 Graphic Rounded Hem Tee Wanita Korean Style Premium Rayon Spandex Casual,Maron,,8011-maron,lunanewyorkmaroon,lunanewyorkmaroon.jpg,43627960162
8011,Luna New York 88 Graphic,Luna New York 88 Graphic Rounded Hem Tee Wanita Korean Style Premium Rayon Spandex Casual,Abu,,8011-abu,lunanewyorkabu,lunanewyorkabu.jpg,43627960162
8011,Luna New York 88 Graphic,Luna New York 88 Graphic Rounded Hem Tee Wanita Korean Style Premium Rayon Spandex Casual,Salem,,8011-salem,lunanewyorksalem,lunanewyorksalem.jpg,43627960162
8011,Luna New York 88 Graphic,Luna New York 88 Graphic Rounded Hem Tee Wanita Korean Style Premium Rayon Spandex Casual,Khaki,,8011-khaki,lunanewyorkkhaki,lunanewyorkkhaki.jpg,43627960162
8011,Luna New York 88 Graphic,Luna New York 88 Graphic Rounded Hem Tee Wanita Korean Style Premium Rayon Spandex Casual,Coklat,,8011-coklattua,lunanewyorkcoklat,lunanewyorkcoklat.jpg,43627960162
A31,Clovia Ruffle Off Shoulder Long,Clovia Ruffle Off Shoulder Long Sleeve Pointed Hem Top Wanita Korean Style Premium Fit Body Casual,Soft Brown,,A31-coksu,cloviasoftbrown,cloviasoftbrown.jpg,43618539571
A31,Clovia Ruffle Off Shoulder Long,Clovia Ruffle Off Shoulder Long Sleeve Pointed Hem Top Wanita Korean Style Premium Fit Body Casual,Hitam,,A31-hitam,cloviahitam,cloviahitam.jpg,43618539571
A31,Clovia Ruffle Off Shoulder Long,Clovia Ruffle Off Shoulder Long Sleeve Pointed Hem Top Wanita Korean Style Premium Fit Body Casual,Taro,,A31-taro,cloviataro,cloviataro.jpg,43618539571
A31,Clovia Ruffle Off Shoulder Long,Clovia Ruffle Off Shoulder Long Sleeve Pointed Hem Top Wanita Korean Style Premium Fit Body Casual,Misty Blue,,A31-biru,cloviamistyblue,cloviamistyblue.jpg,43618539571
A31,Clovia Ruffle Off Shoulder Long,Clovia Ruffle Off Shoulder Long Sleeve Pointed Hem Top Wanita Korean Style Premium Fit Body Casual,Maron,,A31-maron,cloviamaroon,cloviamaroon.jpg,43618539571
A31,Clovia Ruffle Off Shoulder Long,Clovia Ruffle Off Shoulder Long Sleeve Pointed Hem Top Wanita Korean Style Premium Fit Body Casual,Moss Green,,A31-hijau,cloviamossgreen,cloviamossgreen.jpg,43618539571
A31,Clovia Ruffle Off Shoulder Long,Clovia Ruffle Off Shoulder Long Sleeve Pointed Hem Top Wanita Korean Style Premium Fit Body Casual,Dusty Pink,,A31-pink,cloviapink,cloviapink.jpg,43618539571
A31,Clovia Ruffle Off Shoulder Long,Clovia Ruffle Off Shoulder Long Sleeve Pointed Hem Top Wanita Korean Style Premium Fit Body Casual,Dark Choco,,A31-coktua,cloviadarkchoco,cloviadarkchoco.jpg,43618539571
A31,Clovia Ruffle Off Shoulder Long,Clovia Ruffle Off Shoulder Long Sleeve Pointed Hem Top Wanita Korean Style Premium Fit Body Casual,Misty,,A31-abu,cloviamisty,cloviamisty.jpg,43618539571
A31,Clovia Ruffle Off Shoulder Long,Clovia Ruffle Off Shoulder Long Sleeve Pointed Hem Top Wanita Korean Style Premium Fit Body Casual,Putih,,A31-putih,cloviaputih,cloviaputih.jpg,43618539571
7013,Carina Drawstring Pointed Hem Long,Carina Drawstring Pointed Hem Long Sleeve Top Wanita Korean Style Premium Spandek Fit Body Casual,Maron,,7013-maron,carinamaroon,carinamaroon.jpg,43578000608
7013,Carina Drawstring Pointed Hem Long,Carina Drawstring Pointed Hem Long Sleeve Top Wanita Korean Style Premium Spandek Fit Body Casual,Abu,,7013-abu,carinaabu,carinaabu.jpg,43578000608
7013,Carina Drawstring Pointed Hem Long,Carina Drawstring Pointed Hem Long Sleeve Top Wanita Korean Style Premium Spandek Fit Body Casual,Hitam,,7013-hitam,carinahitam,carinahitam.jpg,43578000608
7013,Carina Drawstring Pointed Hem Long,Carina Drawstring Pointed Hem Long Sleeve Top Wanita Korean Style Premium Spandek Fit Body Casual,Khaki,,7013-khaki,carinakhaki,carinakhaki.jpg,43578000608
7013,Carina Drawstring Pointed Hem Long,Carina Drawstring Pointed Hem Long Sleeve Top Wanita Korean Style Premium Spandek Fit Body Casual,Salem,,7013-salem,carinasalem,carinasalem.jpg,43578000608
7013,Carina Drawstring Pointed Hem Long,Carina Drawstring Pointed Hem Long Sleeve Top Wanita Korean Style Premium Spandek Fit Body Casual,Coklat,,7013-coktua,carinacoklat,carinacoklat.jpg,43578000608
A13,Divia Chest Cut Out Bolero,Divia Chest Cut Out Bolero Top Wanita Korean Style Soft Knit Premium Fit Body Casual,Misty,,A13-abu,diviamisty,diviamisty.jpg,43570706952
A13,Divia Chest Cut Out Bolero,Divia Chest Cut Out Bolero Top Wanita Korean Style Soft Knit Premium Fit Body Casual,Maroon,,A13-marun,diviamaroon,diviamaroon.jpg,43570706952
A13,Divia Chest Cut Out Bolero,Divia Chest Cut Out Bolero Top Wanita Korean Style Soft Knit Premium Fit Body Casual,Misty Blue,,A13-biru,diviamistyblue,diviamistyblue.jpg,43570706952
A13,Divia Chest Cut Out Bolero,Divia Chest Cut Out Bolero Top Wanita Korean Style Soft Knit Premium Fit Body Casual,Moss Green,,A13-hijau,diviamossgreen,diviamossgreen.jpg,43570706952
A13,Divia Chest Cut Out Bolero,Divia Chest Cut Out Bolero Top Wanita Korean Style Soft Knit Premium Fit Body Casual,Taro,,A13-taro,diviataro,diviataro.jpg,43570706952
A13,Divia Chest Cut Out Bolero,Divia Chest Cut Out Bolero Top Wanita Korean Style Soft Knit Premium Fit Body Casual,Hitam,,A13-hitam,diviahitam,diviahitam.jpg,43570706952
A13,Divia Chest Cut Out Bolero,Divia Chest Cut Out Bolero Top Wanita Korean Style Soft Knit Premium Fit Body Casual,Putih,,A13-putih,diviaputih,diviaputih.jpg,43570706952
A13,Divia Chest Cut Out Bolero,Divia Chest Cut Out Bolero Top Wanita Korean Style Soft Knit Premium Fit Body Casual,Dusty Pink,,A13-pink,diviapink,diviapink.jpg,43570706952
A13,Divia Chest Cut Out Bolero,Divia Chest Cut Out Bolero Top Wanita Korean Style Soft Knit Premium Fit Body Casual,Soft Brown,,A13-coksu,diviasoftbrown,diviasoftbrown.jpg,43570706952
A13,Divia Chest Cut Out Bolero,Divia Chest Cut Out Bolero Top Wanita Korean Style Soft Knit Premium Fit Body Casual,Dark Choco,,A13-coktu,diviadarkchoco,diviadarkchoco.jpg,43570706952
6058,Richelle Square Neck Tali Serut,Richelle Square Neck Tali Serut Crop Top Wanita Korean Style Premium Spandex Fit Body Casual,Fuschia,,6058-fshcia,richellefuschia,richellefuschia.jpg,43212071541
6058,Richelle Square Neck Tali Serut,Richelle Square Neck Tali Serut Crop Top Wanita Korean Style Premium Spandex Fit Body Casual,Salem,,6058-salm,richellesalem,richellesalem.jpg,43212071541
6058,Richelle Square Neck Tali Serut,Richelle Square Neck Tali Serut Crop Top Wanita Korean Style Premium Spandex Fit Body Casual,Taro,,6058-taro,richelletaro,richelletaro.jpg,43212071541
6058,Richelle Square Neck Tali Serut,Richelle Square Neck Tali Serut Crop Top Wanita Korean Style Premium Spandex Fit Body Casual,Plum,,6058-plum,richelleplum,richelleplum.jpg,43212071541
6058,Richelle Square Neck Tali Serut,Richelle Square Neck Tali Serut Crop Top Wanita Korean Style Premium Spandex Fit Body Casual,Hitam,,6058-htm,richellehitam,richellehitam.jpg,43212071541
6058,Richelle Square Neck Tali Serut,Richelle Square Neck Tali Serut Crop Top Wanita Korean Style Premium Spandex Fit Body Casual,Kubus,,6058-kubus,richellekubus,richellekubus.jpg,43212071541
6058,Richelle Square Neck Tali Serut,Richelle Square Neck Tali Serut Crop Top Wanita Korean Style Premium Spandex Fit Body Casual,Navy,,6058-navy,richellenavy,richellenavy.jpg,43212071541
6058,Richelle Square Neck Tali Serut,Richelle Square Neck Tali Serut Crop Top Wanita Korean Style Premium Spandex Fit Body Casual,Merah,,6058-merah,richellemerah,richellemerah.jpg,43212071541
6058,Richelle Square Neck Tali Serut,Richelle Square Neck Tali Serut Crop Top Wanita Korean Style Premium Spandex Fit Body Casual,Abu Tua,,6058-abutua,richelleabutua,richelleabutua.jpg,43212071541
6058,Richelle Square Neck Tali Serut,Richelle Square Neck Tali Serut Crop Top Wanita Korean Style Premium Spandex Fit Body Casual,Lime,,6058-lime,richellelime,richellelime.jpg,43212071541
6058,Richelle Square Neck Tali Serut,Richelle Square Neck Tali Serut Crop Top Wanita Korean Style Premium Spandex Fit Body Casual,Putih,,6058-putih,richelleputih,richelleputih.jpg,43212071541
6058,Richelle Square Neck Tali Serut,Richelle Square Neck Tali Serut Crop Top Wanita Korean Style Premium Spandex Fit Body Casual,Army,,6058-army,richellearmy,richellearmy.jpg,43212071541
6058,Richelle Square Neck Tali Serut,Richelle Square Neck Tali Serut Crop Top Wanita Korean Style Premium Spandex Fit Body Casual,Lemon,,6058-lmon,richellelemon,richellelemon.jpg,43212071541
6058,Richelle Square Neck Tali Serut,Richelle Square Neck Tali Serut Crop Top Wanita Korean Style Premium Spandex Fit Body Casual,Marun,,6058-marn,richellemaroon,richellemaroon.jpg,43212071541
6058,Richelle Square Neck Tali Serut,Richelle Square Neck Tali Serut Crop Top Wanita Korean Style Premium Spandex Fit Body Casual,Cokelat,,6058-cklt,richellecoklat,richellecoklat.jpg,43212071541
jsa01,Ayana Ribbed Collar Crop Top,Ayana Ribbed Collar Crop Top Wanita Korean Style Premium Fit Body Casual,Putih,,jsa01-putih,ayanaputih,ayanaputih.jpg,43156266712
jsa01,Ayana Ribbed Collar Crop Top,Ayana Ribbed Collar Crop Top Wanita Korean Style Premium Fit Body Casual,Cokelat Muda,,jsa01-coksu,ayanacoklatmuda,ayanacoklatmuda.jpg,43156266712
jsa01,Ayana Ribbed Collar Crop Top,Ayana Ribbed Collar Crop Top Wanita Korean Style Premium Fit Body Casual,Biru,,jsa01-biru,ayanabiru,ayanabiru.jpg,43156266712
jsa01,Ayana Ribbed Collar Crop Top,Ayana Ribbed Collar Crop Top Wanita Korean Style Premium Fit Body Casual,Hitam,,jsa01-hitam,ayanahitam,ayanahitam.jpg,43156266712
A05,Sonya Coquette Lace Neck Tie,Sonya Coquette Lace Neck Tie Round Neck Top Wanita Korean Style Soft Knit Premium Fit Body Casual - MOCHI Series,Dusty Pink,,A05-pink,sonyapink,sonyapink.jpg,43016819339
A05,Sonya Coquette Lace Neck Tie,Sonya Coquette Lace Neck Tie Round Neck Top Wanita Korean Style Soft Knit Premium Fit Body Casual - MOCHI Series,Soft Brown,,A05-coksu,sonyasoftbrown,sonyasoftbrown.jpg,43016819339
A05,Sonya Coquette Lace Neck Tie,Sonya Coquette Lace Neck Tie Round Neck Top Wanita Korean Style Soft Knit Premium Fit Body Casual - MOCHI Series,Misty,,A05-abu,sonyamisty,sonyamisty.jpg,43016819339
A05,Sonya Coquette Lace Neck Tie,Sonya Coquette Lace Neck Tie Round Neck Top Wanita Korean Style Soft Knit Premium Fit Body Casual - MOCHI Series,Sky Blue,,A05-biru,sonyaskyblue,sonyaskyblue.jpg,43016819339
6071,Akira One Shoulder Top Wanita,Akira One Shoulder Top Wanita Korean Style Rayon Spandek Premium Stretch Fit Body Casual/Sabrina Top,Fuschia,,6071-fchia,akirafuschia,akirafuschia.jpg,43012071784
6071,Akira One Shoulder Top Wanita,Akira One Shoulder Top Wanita Korean Style Rayon Spandek Premium Stretch Fit Body Casual/Sabrina Top,Khaki,,6071-khaki,akirakhaki,akirakhaki.jpg,43012071784
6071,Akira One Shoulder Top Wanita,Akira One Shoulder Top Wanita Korean Style Rayon Spandek Premium Stretch Fit Body Casual/Sabrina Top,Putih,,6071-putih,akiraputih,akiraputih.jpg,43012071784
6071,Akira One Shoulder Top Wanita,Akira One Shoulder Top Wanita Korean Style Rayon Spandek Premium Stretch Fit Body Casual/Sabrina Top,Lemon,,6071-lemon,akiralemon,akiralemon.jpg,43012071784
6071,Akira One Shoulder Top Wanita,Akira One Shoulder Top Wanita Korean Style Rayon Spandek Premium Stretch Fit Body Casual/Sabrina Top,Navy,,6071-navy,akiranavy,akiranavy.jpg,43012071784
6071,Akira One Shoulder Top Wanita,Akira One Shoulder Top Wanita Korean Style Rayon Spandek Premium Stretch Fit Body Casual/Sabrina Top,Kubus,,6071-kubus,akirakubus,akirakubus.jpg,43012071784
6071,Akira One Shoulder Top Wanita,Akira One Shoulder Top Wanita Korean Style Rayon Spandek Premium Stretch Fit Body Casual/Sabrina Top,Salem,,6071-salem,akirasalem,akirasalem.jpg,43012071784
6071,Akira One Shoulder Top Wanita,Akira One Shoulder Top Wanita Korean Style Rayon Spandek Premium Stretch Fit Body Casual/Sabrina Top,Coklat,,6071-cklt,akiracoklat,akiracoklat.jpg,43012071784
6071,Akira One Shoulder Top Wanita,Akira One Shoulder Top Wanita Korean Style Rayon Spandek Premium Stretch Fit Body Casual/Sabrina Top,Army,,6071-army,akiraarmy,akiraarmy.jpg,43012071784
6071,Akira One Shoulder Top Wanita,Akira One Shoulder Top Wanita Korean Style Rayon Spandek Premium Stretch Fit Body Casual/Sabrina Top,Lime,,6071-lime,akiralime,akiralime.jpg,43012071784
6071,Akira One Shoulder Top Wanita,Akira One Shoulder Top Wanita Korean Style Rayon Spandek Premium Stretch Fit Body Casual/Sabrina Top,Hitam,,6071-htm,akirahitam,akirahitam.jpg,43012071784
6071,Akira One Shoulder Top Wanita,Akira One Shoulder Top Wanita Korean Style Rayon Spandek Premium Stretch Fit Body Casual/Sabrina Top,Merah,,6071-merah,akiramerah,akiramerah.jpg,43012071784
6071,Akira One Shoulder Top Wanita,Akira One Shoulder Top Wanita Korean Style Rayon Spandek Premium Stretch Fit Body Casual/Sabrina Top,Denim,,6071-denim,akiradenim,akiradenim.jpg,43012071784
6071,Akira One Shoulder Top Wanita,Akira One Shoulder Top Wanita Korean Style Rayon Spandek Premium Stretch Fit Body Casual/Sabrina Top,Marun,,6071-maron,akiramaroon,akiramaroon.jpg,43012071784
A17,Celia Drawstring One Shoulder Top,Celia Drawstring One Shoulder Top Wanita Korean Style Premium Fit Body Casual,Maron,,A17-marun,celiamaroon,celiamaroon.jpg,42967469212
A17,Celia Drawstring One Shoulder Top,Celia Drawstring One Shoulder Top Wanita Korean Style Premium Fit Body Casual,Putih,,A17-putih,celiaputih,celiaputih.jpg,42967469212
A17,Celia Drawstring One Shoulder Top,Celia Drawstring One Shoulder Top Wanita Korean Style Premium Fit Body Casual,Soft Brown,,A17-coksu,celiasoftbrown,celiasoftbrown.jpg,42967469212
A17,Celia Drawstring One Shoulder Top,Celia Drawstring One Shoulder Top Wanita Korean Style Premium Fit Body Casual,Misty Blue,,A17-biru,celiamistyblue,celiamistyblue.jpg,42967469212
A17,Celia Drawstring One Shoulder Top,Celia Drawstring One Shoulder Top Wanita Korean Style Premium Fit Body Casual,Moss Green,,A17-hijau,celiamossgreen,celiamossgreen.jpg,42967469212
A17,Celia Drawstring One Shoulder Top,Celia Drawstring One Shoulder Top Wanita Korean Style Premium Fit Body Casual,Taro,,A17-taro,celiataro,celiataro.jpg,42967469212
A17,Celia Drawstring One Shoulder Top,Celia Drawstring One Shoulder Top Wanita Korean Style Premium Fit Body Casual,Misty,,A17-abu,celiamisty,celiamisty.jpg,42967469212
A17,Celia Drawstring One Shoulder Top,Celia Drawstring One Shoulder Top Wanita Korean Style Premium Fit Body Casual,Dusty Pink,,A17-pink,celiapink,celiapink.jpg,42967469212
A17,Celia Drawstring One Shoulder Top,Celia Drawstring One Shoulder Top Wanita Korean Style Premium Fit Body Casual,Hitam,,A17-hitam,celiahitam,celiahitam.jpg,42967469212
A17,Celia Drawstring One Shoulder Top,Celia Drawstring One Shoulder Top Wanita Korean Style Premium Fit Body Casual,Dark Choco,,A17-coklat tua,celiadarkchoco,celiadarkchoco.jpg,42967469212
6052,Kaluna Square Neck Ruched Crop,Kaluna Square Neck Ruched Crop Top Wanita Korean Style Premium Stretch Fit Body Casual,Army,,6052-army,kalunaarmy,kalunaarmy.jpg,42761877525
6052,Kaluna Square Neck Ruched Crop,Kaluna Square Neck Ruched Crop Top Wanita Korean Style Premium Stretch Fit Body Casual,Kubus,,6052-kubus,kalunakubus,kalunakubus.jpg,42761877525
6052,Kaluna Square Neck Ruched Crop,Kaluna Square Neck Ruched Crop Top Wanita Korean Style Premium Stretch Fit Body Casual,Fuschia,,6052-fuschia,kalunafuschia,kalunafuschia.jpg,42761877525
6052,Kaluna Square Neck Ruched Crop,Kaluna Square Neck Ruched Crop Top Wanita Korean Style Premium Stretch Fit Body Casual,Navy,,6052-navy,kalunanavy,kalunanavy.jpg,42761877525
6052,Kaluna Square Neck Ruched Crop,Kaluna Square Neck Ruched Crop Top Wanita Korean Style Premium Stretch Fit Body Casual,Lime,,6052-lime,kalunalime,kalunalime.jpg,42761877525
6052,Kaluna Square Neck Ruched Crop,Kaluna Square Neck Ruched Crop Top Wanita Korean Style Premium Stretch Fit Body Casual,Putih,,6052-pth,kalunaputih,kalunaputih.jpg,42761877525
6052,Kaluna Square Neck Ruched Crop,Kaluna Square Neck Ruched Crop Top Wanita Korean Style Premium Stretch Fit Body Casual,Maron,,6052-maron,kalunamaroon,kalunamaroon.jpg,42761877525
6052,Kaluna Square Neck Ruched Crop,Kaluna Square Neck Ruched Crop Top Wanita Korean Style Premium Stretch Fit Body Casual,Plum,,6052-plum,kalunaplum,kalunaplum.jpg,42761877525
6052,Kaluna Square Neck Ruched Crop,Kaluna Square Neck Ruched Crop Top Wanita Korean Style Premium Stretch Fit Body Casual,Abu Tua,,6052-abu,kalunaabutua,kalunaabutua.jpg,42761877525
6052,Kaluna Square Neck Ruched Crop,Kaluna Square Neck Ruched Crop Top Wanita Korean Style Premium Stretch Fit Body Casual,Hitam,,6052-hitam,kalunahitam,kalunahitam.jpg,42761877525
6052,Kaluna Square Neck Ruched Crop,Kaluna Square Neck Ruched Crop Top Wanita Korean Style Premium Stretch Fit Body Casual,Salem,,6052-salem,kalunasalem,kalunasalem.jpg,42761877525
6052,Kaluna Square Neck Ruched Crop,Kaluna Square Neck Ruched Crop Top Wanita Korean Style Premium Stretch Fit Body Casual,Denim,,6052-denim,kalunadenim,kalunadenim.jpg,42761877525
6052,Kaluna Square Neck Ruched Crop,Kaluna Square Neck Ruched Crop Top Wanita Korean Style Premium Stretch Fit Body Casual,Lemon,,6052-lemon,kalunalemon,kalunalemon.jpg,42761877525
6052,Kaluna Square Neck Ruched Crop,Kaluna Square Neck Ruched Crop Top Wanita Korean Style Premium Stretch Fit Body Casual,Cokelat,,6052-coklat,kalunacoklat,kalunacoklat.jpg,42761877525
6052,Kaluna Square Neck Ruched Crop,Kaluna Square Neck Ruched Crop Top Wanita Korean Style Premium Stretch Fit Body Casual,Merah,,6052-merah,kalunamerah,kalunamerah.jpg,42761877525
6052,Kaluna Square Neck Ruched Crop,Kaluna Square Neck Ruched Crop Top Wanita Korean Style Premium Stretch Fit Body Casual,Taro,,6052-taro,kalunataro,kalunataro.jpg,42761877525
6052,Kaluna Square Neck Ruched Crop,Kaluna Square Neck Ruched Crop Top Wanita Korean Style Premium Stretch Fit Body Casual,Khaki,,6052-khaki,kalunakhaki,kalunakhaki.jpg,42761877525
A22,Daisy Bow Halter Long Sleeve,Daisy Bow Halter Long Sleeve Top Wanita Korean Style Soft Knit Premium Oval Hem Fit Body Casual,Taro,,A22-taro,daisytaro,daisytaro.jpg,42620679848
A22,Daisy Bow Halter Long Sleeve,Daisy Bow Halter Long Sleeve Top Wanita Korean Style Soft Knit Premium Oval Hem Fit Body Casual,Dark Choco,,A22-coktua,daisydarkchoco,daisydarkchoco.jpg,42620679848
A22,Daisy Bow Halter Long Sleeve,Daisy Bow Halter Long Sleeve Top Wanita Korean Style Soft Knit Premium Oval Hem Fit Body Casual,Navy,,A22-navy,daisynavy,daisynavy.jpg,42620679848
A22,Daisy Bow Halter Long Sleeve,Daisy Bow Halter Long Sleeve Top Wanita Korean Style Soft Knit Premium Oval Hem Fit Body Casual,Dusty Pink,,A22-pink,daisypink,daisypink.jpg,42620679848
A22,Daisy Bow Halter Long Sleeve,Daisy Bow Halter Long Sleeve Top Wanita Korean Style Soft Knit Premium Oval Hem Fit Body Casual,Baby Pink Polkadot,,A22-polka,daisypinkdot,daisypinkdot.jpg,42620679848
A22,Daisy Bow Halter Long Sleeve,Daisy Bow Halter Long Sleeve Top Wanita Korean Style Soft Knit Premium Oval Hem Fit Body Casual,Soft brown,,A22-coksu,daisysoftbrown,daisysoftbrown.jpg,42620679848
A22,Daisy Bow Halter Long Sleeve,Daisy Bow Halter Long Sleeve Top Wanita Korean Style Soft Knit Premium Oval Hem Fit Body Casual,Ash Grey,,A22-abumuda,daisyashgrey,daisyashgrey.jpg,42620679848
A22,Daisy Bow Halter Long Sleeve,Daisy Bow Halter Long Sleeve Top Wanita Korean Style Soft Knit Premium Oval Hem Fit Body Casual,Baby Blue,,A22-birumuda,daisybabyblue,daisybabyblue.jpg,42620679848
A22,Daisy Bow Halter Long Sleeve,Daisy Bow Halter Long Sleeve Top Wanita Korean Style Soft Knit Premium Oval Hem Fit Body Casual,Hitam Polkadot,,A22-polka,daisyhitamdot,daisyhitamdot.jpg,42620679848
A22,Daisy Bow Halter Long Sleeve,Daisy Bow Halter Long Sleeve Top Wanita Korean Style Soft Knit Premium Oval Hem Fit Body Casual,Putih,,A22-putih,daisyputih,daisyputih.jpg,42620679848
A22,Daisy Bow Halter Long Sleeve,Daisy Bow Halter Long Sleeve Top Wanita Korean Style Soft Knit Premium Oval Hem Fit Body Casual,Maroon,,A22-marun,daisymaroon,daisymaroon.jpg,42620679848
A22,Daisy Bow Halter Long Sleeve,Daisy Bow Halter Long Sleeve Top Wanita Korean Style Soft Knit Premium Oval Hem Fit Body Casual,Misty,,A22-abu,daisymisty,daisymisty.jpg,42620679848
A22,Daisy Bow Halter Long Sleeve,Daisy Bow Halter Long Sleeve Top Wanita Korean Style Soft Knit Premium Oval Hem Fit Body Casual,Hitam,,A22-hitam,daisyhitam,daisyhitam.jpg,42620679848
A22,Daisy Bow Halter Long Sleeve,Daisy Bow Halter Long Sleeve Top Wanita Korean Style Soft Knit Premium Oval Hem Fit Body Casual,Putih Polkadot,,A22-polka,daisyputihdot,daisyputihdot.jpg,42620679848
A22,Daisy Bow Halter Long Sleeve,Daisy Bow Halter Long Sleeve Top Wanita Korean Style Soft Knit Premium Oval Hem Fit Body Casual,Misty blue,,A22-biru,daisymistyblue,daisymistyblue.jpg,42620679848
A22,Daisy Bow Halter Long Sleeve,Daisy Bow Halter Long Sleeve Top Wanita Korean Style Soft Knit Premium Oval Hem Fit Body Casual,Moss green,,A22-hijau,daisymossgreen,daisymossgreen.jpg,42620679848
A22,Daisy Bow Halter Long Sleeve,Daisy Bow Halter Long Sleeve Top Wanita Korean Style Soft Knit Premium Oval Hem Fit Body Casual,Baby Blue Polkadot,,A22-polka,daisybluedot,daisybluedot.jpg,42620679848
A39,Noora Ruffle Off Shoulder Button,Noora Ruffle Off Shoulder Button Detail Knit Top Wanita Korean Style Soft Knit Premium Fit Body Casual,Dusty Pink,,A39-pink,noorapink,noorapink.jpg,42578586006
A39,Noora Ruffle Off Shoulder Button,Noora Ruffle Off Shoulder Button Detail Knit Top Wanita Korean Style Soft Knit Premium Fit Body Casual,Hitam,,A39-hitam,noorahitam,noorahitam.jpg,42578586006
A39,Noora Ruffle Off Shoulder Button,Noora Ruffle Off Shoulder Button Detail Knit Top Wanita Korean Style Soft Knit Premium Fit Body Casual,Dark Choco,,A39-coktu,nooradarkchoco,nooradarkchoco.jpg,42578586006
A39,Noora Ruffle Off Shoulder Button,Noora Ruffle Off Shoulder Button Detail Knit Top Wanita Korean Style Soft Knit Premium Fit Body Casual,Maroon,,A39-marun,nooramaroon,nooramaroon.jpg,42578586006
A39,Noora Ruffle Off Shoulder Button,Noora Ruffle Off Shoulder Button Detail Knit Top Wanita Korean Style Soft Knit Premium Fit Body Casual,Putih,,A39-putih,nooraputih,nooraputih.jpg,42578586006
A39,Noora Ruffle Off Shoulder Button,Noora Ruffle Off Shoulder Button Detail Knit Top Wanita Korean Style Soft Knit Premium Fit Body Casual,Navy,,A39-navy,nooranavy,nooranavy.jpg,42578586006
A09,Stella Coquette Lace Bow Knit,Stella Coquette Lace Bow Knit Top Wanita Korean Style Soft Knit Premium Y2K Casual - MOCHI Series,Maron,,A09-maron,stellamaroon,stellamaroon.jpg,42364503379
A09,Stella Coquette Lace Bow Knit,Stella Coquette Lace Bow Knit Top Wanita Korean Style Soft Knit Premium Y2K Casual - MOCHI Series,Putih Polkadot,,A09--polka,stellaputihdot,stellaputihdot.jpg,42364503379
A09,Stella Coquette Lace Bow Knit,Stella Coquette Lace Bow Knit Top Wanita Korean Style Soft Knit Premium Y2K Casual - MOCHI Series,Soft Brown,,A09-coksu,stellasoftbrown,stellasoftbrown.jpg,42364503379
A09,Stella Coquette Lace Bow Knit,Stella Coquette Lace Bow Knit Top Wanita Korean Style Soft Knit Premium Y2K Casual - MOCHI Series,Dusty Pink,,A09-pink,stellapink,stellapink.jpg,42364503379
A09,Stella Coquette Lace Bow Knit,Stella Coquette Lace Bow Knit Top Wanita Korean Style Soft Knit Premium Y2K Casual - MOCHI Series,Baby Pink Polkadot,,A09--polka,stellapinkdot,stellapinkdot.jpg,42364503379
A09,Stella Coquette Lace Bow Knit,Stella Coquette Lace Bow Knit Top Wanita Korean Style Soft Knit Premium Y2K Casual - MOCHI Series,Hitam,,A09-hitam,stellahitam,stellahitam.jpg,42364503379
A09,Stella Coquette Lace Bow Knit,Stella Coquette Lace Bow Knit Top Wanita Korean Style Soft Knit Premium Y2K Casual - MOCHI Series,Ashgray,,A09-ashgray,stellaashgrey,stellaashgrey.jpg,42364503379
A09,Stella Coquette Lace Bow Knit,Stella Coquette Lace Bow Knit Top Wanita Korean Style Soft Knit Premium Y2K Casual - MOCHI Series,Coklat,,A09-coktu,stellacoklat,stellacoklat.jpg,42364503379
A09,Stella Coquette Lace Bow Knit,Stella Coquette Lace Bow Knit Top Wanita Korean Style Soft Knit Premium Y2K Casual - MOCHI Series,Hitam Polkadot,,A09-polka,stellahitamdot,stellahitamdot.jpg,42364503379
A09,Stella Coquette Lace Bow Knit,Stella Coquette Lace Bow Knit Top Wanita Korean Style Soft Knit Premium Y2K Casual - MOCHI Series,Sky Blue Polkadot,,A09--polka,stellaskybluedot,stellaskybluedot.jpg,42364503379
A09,Stella Coquette Lace Bow Knit,Stella Coquette Lace Bow Knit Top Wanita Korean Style Soft Knit Premium Y2K Casual - MOCHI Series,Misty,,A09-abu,stellamisty,stellamisty.jpg,42364503379
A09,Stella Coquette Lace Bow Knit,Stella Coquette Lace Bow Knit Top Wanita Korean Style Soft Knit Premium Y2K Casual - MOCHI Series,Sky Blue,,A09-biru,stellaskyblue,stellaskyblue.jpg,42364503379
6042,Qayla Side Drawstring/Tali Serut Samping,Qayla Side Drawstring/Tali Serut Samping Pinggang Crop Top Wanita Korean Style Premium Stretch Fit Body Casual,Salem,,6042-salem,qaylasalem,qaylasalem.jpg,42161876970
6042,Qayla Side Drawstring/Tali Serut Samping,Qayla Side Drawstring/Tali Serut Samping Pinggang Crop Top Wanita Korean Style Premium Stretch Fit Body Casual,Dusty Pink,,6042-dustypink,qaylapink,qaylapink.jpg,42161876970
6042,Qayla Side Drawstring/Tali Serut Samping,Qayla Side Drawstring/Tali Serut Samping Pinggang Crop Top Wanita Korean Style Premium Stretch Fit Body Casual,Navy,,6042-navy,qaylanavy,qaylanavy.jpg,42161876970
6042,Qayla Side Drawstring/Tali Serut Samping,Qayla Side Drawstring/Tali Serut Samping Pinggang Crop Top Wanita Korean Style Premium Stretch Fit Body Casual,Biru,,6042-biru,qaylabiru,qaylabiru.jpg,42161876970
6042,Qayla Side Drawstring/Tali Serut Samping,Qayla Side Drawstring/Tali Serut Samping Pinggang Crop Top Wanita Korean Style Premium Stretch Fit Body Casual,Fuschia,,6042-fuschia,qaylafuschia,qaylafuschia.jpg,42161876970
6042,Qayla Side Drawstring/Tali Serut Samping,Qayla Side Drawstring/Tali Serut Samping Pinggang Crop Top Wanita Korean Style Premium Stretch Fit Body Casual,Kubus,,6042-kubus,qaylakubus,qaylakubus.jpg,42161876970
6042,Qayla Side Drawstring/Tali Serut Samping,Qayla Side Drawstring/Tali Serut Samping Pinggang Crop Top Wanita Korean Style Premium Stretch Fit Body Casual,Cokelat,,6042-coklat,qaylacoklat,qaylacoklat.jpg,42161876970
6042,Qayla Side Drawstring/Tali Serut Samping,Qayla Side Drawstring/Tali Serut Samping Pinggang Crop Top Wanita Korean Style Premium Stretch Fit Body Casual,Army,,6042-army,qaylaarmy,qaylaarmy.jpg,42161876970
6042,Qayla Side Drawstring/Tali Serut Samping,Qayla Side Drawstring/Tali Serut Samping Pinggang Crop Top Wanita Korean Style Premium Stretch Fit Body Casual,Putih,,6042-putih,qaylaputih,qaylaputih.jpg,42161876970
6042,Qayla Side Drawstring/Tali Serut Samping,Qayla Side Drawstring/Tali Serut Samping Pinggang Crop Top Wanita Korean Style Premium Stretch Fit Body Casual,Maron,,6042-maron,qaylamaroon,qaylamaroon.jpg,42161876970
6042,Qayla Side Drawstring/Tali Serut Samping,Qayla Side Drawstring/Tali Serut Samping Pinggang Crop Top Wanita Korean Style Premium Stretch Fit Body Casual,Taro,,6042-taro,qaylataro,qaylataro.jpg,42161876970
6042,Qayla Side Drawstring/Tali Serut Samping,Qayla Side Drawstring/Tali Serut Samping Pinggang Crop Top Wanita Korean Style Premium Stretch Fit Body Casual,Abu Tua,,6042-abutua,qaylaabutua,qaylaabutua.jpg,42161876970
6042,Qayla Side Drawstring/Tali Serut Samping,Qayla Side Drawstring/Tali Serut Samping Pinggang Crop Top Wanita Korean Style Premium Stretch Fit Body Casual,Khaki,,6042-khaki,qaylakhaki,qaylakhaki.jpg,42161876970
6042,Qayla Side Drawstring/Tali Serut Samping,Qayla Side Drawstring/Tali Serut Samping Pinggang Crop Top Wanita Korean Style Premium Stretch Fit Body Casual,Hitam,,6042-hitam,qaylahitam,qaylahitam.jpg,42161876970
6042,Qayla Side Drawstring/Tali Serut Samping,Qayla Side Drawstring/Tali Serut Samping Pinggang Crop Top Wanita Korean Style Premium Stretch Fit Body Casual,Merah,,6042-merah,qaylamerah,qaylamerah.jpg,42161876970
6042,Qayla Side Drawstring/Tali Serut Samping,Qayla Side Drawstring/Tali Serut Samping Pinggang Crop Top Wanita Korean Style Premium Stretch Fit Body Casual,Lemon,,6042-lemon,qaylalemon,qaylalemon.jpg,42161876970
A37,Cavita Mock Neck Cap Sleeve,Cavita Mock Neck Cap Sleeve Pointed Hem Top Wanita Korean Style Soft Knit Premium Fit Body Casual,Moss Green,,A37-hijau,cavitamossgreen,cavitamossgreen.jpg,41920686829
A37,Cavita Mock Neck Cap Sleeve,Cavita Mock Neck Cap Sleeve Pointed Hem Top Wanita Korean Style Soft Knit Premium Fit Body Casual,Taro,,A37-taro,cavitataro,cavitataro.jpg,41920686829
A37,Cavita Mock Neck Cap Sleeve,Cavita Mock Neck Cap Sleeve Pointed Hem Top Wanita Korean Style Soft Knit Premium Fit Body Casual,Misty,,A37-abu,cavitamisty,cavitamisty.jpg,41920686829
A37,Cavita Mock Neck Cap Sleeve,Cavita Mock Neck Cap Sleeve Pointed Hem Top Wanita Korean Style Soft Knit Premium Fit Body Casual,Soft Brown,,A37-coksu,cavitasoftbrown,cavitasoftbrown.jpg,41920686829
A37,Cavita Mock Neck Cap Sleeve,Cavita Mock Neck Cap Sleeve Pointed Hem Top Wanita Korean Style Soft Knit Premium Fit Body Casual,Dusty Pink,,A37-pink,cavitapink,cavitapink.jpg,41920686829
A37,Cavita Mock Neck Cap Sleeve,Cavita Mock Neck Cap Sleeve Pointed Hem Top Wanita Korean Style Soft Knit Premium Fit Body Casual,Misty Blue,,A37-biru,cavitamistyblue,cavitamistyblue.jpg,41920686829
A34,Delia Asymmetrical Shoulder Knit Top,Delia Asymmetrical Shoulder Knit Top Wanita Korean Style Soft Knit Premium Fit Body Casual,Misty,,A34-abu,deliamisty,deliamisty.jpg,41820708549
A34,Delia Asymmetrical Shoulder Knit Top,Delia Asymmetrical Shoulder Knit Top Wanita Korean Style Soft Knit Premium Fit Body Casual,Soft Brown,,A34-coksu,deliasoftbrown,deliasoftbrown.jpg,41820708549
A34,Delia Asymmetrical Shoulder Knit Top,Delia Asymmetrical Shoulder Knit Top Wanita Korean Style Soft Knit Premium Fit Body Casual,Dusty Pink,,A34-pink,deliapink,deliapink.jpg,41820708549
A34,Delia Asymmetrical Shoulder Knit Top,Delia Asymmetrical Shoulder Knit Top Wanita Korean Style Soft Knit Premium Fit Body Casual,Misty Blue,,A34-biru,deliamistyblue,deliamistyblue.jpg,41820708549
A34,Delia Asymmetrical Shoulder Knit Top,Delia Asymmetrical Shoulder Knit Top Wanita Korean Style Soft Knit Premium Fit Body Casual,Moss Green,,A34-hijau,deliamossgreen,deliamossgreen.jpg,41820708549
A34,Delia Asymmetrical Shoulder Knit Top,Delia Asymmetrical Shoulder Knit Top Wanita Korean Style Soft Knit Premium Fit Body Casual,Taro,,A34-taro,deliataro,deliataro.jpg,41820708549
A25,Chani Twist Off Shoulder Top,Chani Twist Off Shoulder Top Wanita Korean Style Soft Knit Premium Fit Body Casual,Sage Olive,,A25-sage,chanisageolive,chanisageolive.jpg,41718485447
A25,Chani Twist Off Shoulder Top,Chani Twist Off Shoulder Top Wanita Korean Style Soft Knit Premium Fit Body Casual,Baby Blue,,A25-birmud,chanibabyblue,chanibabyblue.jpg,41718485447
A25,Chani Twist Off Shoulder Top,Chani Twist Off Shoulder Top Wanita Korean Style Soft Knit Premium Fit Body Casual,Moss Green,,A25-hijau,chanimossgreen,chanimossgreen.jpg,41718485447
A25,Chani Twist Off Shoulder Top,Chani Twist Off Shoulder Top Wanita Korean Style Soft Knit Premium Fit Body Casual,Ash Grey,,A25-ashgrey,chaniashgrey,chaniashgrey.jpg,41718485447
A25,Chani Twist Off Shoulder Top,Chani Twist Off Shoulder Top Wanita Korean Style Soft Knit Premium Fit Body Casual,Soft Brown,,A25-coksu,chanisoftbrown,chanisoftbrown.jpg,41718485447
A25,Chani Twist Off Shoulder Top,Chani Twist Off Shoulder Top Wanita Korean Style Soft Knit Premium Fit Body Casual,Misty Blue,,A25-biru,chanimistyblue,chanimistyblue.jpg,41718485447
A25,Chani Twist Off Shoulder Top,Chani Twist Off Shoulder Top Wanita Korean Style Soft Knit Premium Fit Body Casual,Taro,,A25-taro,chanitaro,chanitaro.jpg,41718485447
A25,Chani Twist Off Shoulder Top,Chani Twist Off Shoulder Top Wanita Korean Style Soft Knit Premium Fit Body Casual,Misty,,A25-abu,chanimisty,chanimisty.jpg,41718485447
A25,Chani Twist Off Shoulder Top,Chani Twist Off Shoulder Top Wanita Korean Style Soft Knit Premium Fit Body Casual,Dusty Tosca,,A25-tosca,chanidustytosca,chanidustytosca.jpg,41718485447
A25,Chani Twist Off Shoulder Top,Chani Twist Off Shoulder Top Wanita Korean Style Soft Knit Premium Fit Body Casual,Htam,,A25-hitam,chanihitam,chanihitam.jpg,41718485447
A25,Chani Twist Off Shoulder Top,Chani Twist Off Shoulder Top Wanita Korean Style Soft Knit Premium Fit Body Casual,Dusty Pink,,A25-pink,chanipink,chanipink.jpg,41718485447
A25,Chani Twist Off Shoulder Top,Chani Twist Off Shoulder Top Wanita Korean Style Soft Knit Premium Fit Body Casual,Putih,,A25-putih,chaniputih,chaniputih.jpg,41718485447
A25,Chani Twist Off Shoulder Top,Chani Twist Off Shoulder Top Wanita Korean Style Soft Knit Premium Fit Body Casual,Dark Choco,,A25-coktua,chanidarkchoco,chanidarkchoco.jpg,41718485447
A25,Chani Twist Off Shoulder Top,Chani Twist Off Shoulder Top Wanita Korean Style Soft Knit Premium Fit Body Casual,Maron,,A25-marun,chanimaroon,chanimaroon.jpg,41718485447
7024,Elody Kaos Wanita Lengan Panjang,Elody Kaos Wanita Lengan Panjang Kerut Depan V Neck Korean Style Premium Rayon Spandex,Khaki,,7024-khaki,elodykhaki,elodykhaki.jpg,41682155240
7024,Elody Kaos Wanita Lengan Panjang,Elody Kaos Wanita Lengan Panjang Kerut Depan V Neck Korean Style Premium Rayon Spandex,Cokelat,,7024-coklat,elodycoklat,elodycoklat.jpg,41682155240
7024,Elody Kaos Wanita Lengan Panjang,Elody Kaos Wanita Lengan Panjang Kerut Depan V Neck Korean Style Premium Rayon Spandex,Maron,,7024-maron,elodymaroon,elodymaroon.jpg,41682155240
7024,Elody Kaos Wanita Lengan Panjang,Elody Kaos Wanita Lengan Panjang Kerut Depan V Neck Korean Style Premium Rayon Spandex,Hitam,,7024-hitam,elodyhitam,elodyhitam.jpg,41682155240
7024,Elody Kaos Wanita Lengan Panjang,Elody Kaos Wanita Lengan Panjang Kerut Depan V Neck Korean Style Premium Rayon Spandex,Abu Tua,,7024-abu,elodyabutua,elodyabutua.jpg,41682155240
7024,Elody Kaos Wanita Lengan Panjang,Elody Kaos Wanita Lengan Panjang Kerut Depan V Neck Korean Style Premium Rayon Spandex,Salem,,7024-salem,elodysalem,elodysalem.jpg,41682155240
A18,Cavia 2 In 1 Knit,Cavia 2 In 1 Knit Tank Top Cardigan Set Wanita Korean Style Soft Knit Premium Fit Body Casual,Dusty Pink,,A18-pink,caviapink,caviapink.jpg,41418481397
A18,Cavia 2 In 1 Knit,Cavia 2 In 1 Knit Tank Top Cardigan Set Wanita Korean Style Soft Knit Premium Fit Body Casual,Misty Blue,,A18-biru,caviamistyblue,caviamistyblue.jpg,41418481397
A18,Cavia 2 In 1 Knit,Cavia 2 In 1 Knit Tank Top Cardigan Set Wanita Korean Style Soft Knit Premium Fit Body Casual,Moss Green,,A18-hijau,caviamossgreen,caviamossgreen.jpg,41418481397
A18,Cavia 2 In 1 Knit,Cavia 2 In 1 Knit Tank Top Cardigan Set Wanita Korean Style Soft Knit Premium Fit Body Casual,Taro,,A18-taro,caviataro,caviataro.jpg,41418481397
A18,Cavia 2 In 1 Knit,Cavia 2 In 1 Knit Tank Top Cardigan Set Wanita Korean Style Soft Knit Premium Fit Body Casual,Misty,,A18-abu,caviamisty,caviamisty.jpg,41418481397
A18,Cavia 2 In 1 Knit,Cavia 2 In 1 Knit Tank Top Cardigan Set Wanita Korean Style Soft Knit Premium Fit Body Casual,Soft Brown,,A18-coksu,caviasoftbrown,caviasoftbrown.jpg,41418481397
A14,Diffa Ruched Keyhole Halter Top,Diffa Ruched Keyhole Halter Top Wanita Korean Style Soft Knit Premium Fit Body Casual,Soft Brown,,A14-coksu,diffasoftbrown,diffasoftbrown.jpg,41320699591
A14,Diffa Ruched Keyhole Halter Top,Diffa Ruched Keyhole Halter Top Wanita Korean Style Soft Knit Premium Fit Body Casual,Dusty Pink,,A14-pink,diffapink,diffapink.jpg,41320699591
A14,Diffa Ruched Keyhole Halter Top,Diffa Ruched Keyhole Halter Top Wanita Korean Style Soft Knit Premium Fit Body Casual,Misty Blue,,A14-biru,diffamistyblue,diffamistyblue.jpg,41320699591
A14,Diffa Ruched Keyhole Halter Top,Diffa Ruched Keyhole Halter Top Wanita Korean Style Soft Knit Premium Fit Body Casual,Moss Green,,A14-hijau,diffamossgreen,diffamossgreen.jpg,41320699591
A14,Diffa Ruched Keyhole Halter Top,Diffa Ruched Keyhole Halter Top Wanita Korean Style Soft Knit Premium Fit Body Casual,Taro,,A14-taro,diffataro,diffataro.jpg,41320699591
A14,Diffa Ruched Keyhole Halter Top,Diffa Ruched Keyhole Halter Top Wanita Korean Style Soft Knit Premium Fit Body Casual,Misty,,A14-abu,diffamisty,diffamisty.jpg,41320699591
7010,Rhea V-Neck Collar Oval Hem,Rhea V-Neck Collar Oval Hem Crop Top Bordir Kuda POLO Wanita Korean Style Premium Rayon Spandex Fit Body Casual,Hitam,S/M/L,7010,rheahitam,rheahitam.jpg,41075632399
7010,Rhea V-Neck Collar Oval Hem,Rhea V-Neck Collar Oval Hem Crop Top Bordir Kuda POLO Wanita Korean Style Premium Rayon Spandex Fit Body Casual,Maron,M/S/L,7010,rheamaroon,rheamaroon.jpg,41075632399
7010,Rhea V-Neck Collar Oval Hem,Rhea V-Neck Collar Oval Hem Crop Top Bordir Kuda POLO Wanita Korean Style Premium Rayon Spandex Fit Body Casual,Abu Tua,M/S/L,7010,rheaabutua,rheaabutua.jpg,41075632399
7010,Rhea V-Neck Collar Oval Hem,Rhea V-Neck Collar Oval Hem Crop Top Bordir Kuda POLO Wanita Korean Style Premium Rayon Spandex Fit Body Casual,Salem,L/S/M,7010,rheasalem,rheasalem.jpg,41075632399
7010,Rhea V-Neck Collar Oval Hem,Rhea V-Neck Collar Oval Hem Crop Top Bordir Kuda POLO Wanita Korean Style Premium Rayon Spandex Fit Body Casual,Cokelat Tua,L/M/S,7010,rheacoklattua,rheacoklattua.jpg,41075632399
7010,Rhea V-Neck Collar Oval Hem,Rhea V-Neck Collar Oval Hem Crop Top Bordir Kuda POLO Wanita Korean Style Premium Rayon Spandex Fit Body Casual,Khaki,M/S/L,7010,rheakhaki,rheakhaki.jpg,41075632399
A11,Davina Bow Strap Off Shoulder,Davina Bow Strap Off Shoulder Long Sleeve Top Wanita Korean Style Ribbed Soft Knit Premium Fit Body Casual,Dusty Pink,,A11-pink,davinapink,davinapink.jpg,41070682640
A11,Davina Bow Strap Off Shoulder,Davina Bow Strap Off Shoulder Long Sleeve Top Wanita Korean Style Ribbed Soft Knit Premium Fit Body Casual,Misty Blue,,A11-biru,davinamistyblue,davinamistyblue.jpg,41070682640
A11,Davina Bow Strap Off Shoulder,Davina Bow Strap Off Shoulder Long Sleeve Top Wanita Korean Style Ribbed Soft Knit Premium Fit Body Casual,Moss Green,,A11-hijau,davinamossgreen,davinamossgreen.jpg,41070682640
A11,Davina Bow Strap Off Shoulder,Davina Bow Strap Off Shoulder Long Sleeve Top Wanita Korean Style Ribbed Soft Knit Premium Fit Body Casual,Taro,,A11-taro,davinataro,davinataro.jpg,41070682640
A11,Davina Bow Strap Off Shoulder,Davina Bow Strap Off Shoulder Long Sleeve Top Wanita Korean Style Ribbed Soft Knit Premium Fit Body Casual,Misty,,A11-abu,davinamisty,davinamisty.jpg,41070682640
A11,Davina Bow Strap Off Shoulder,Davina Bow Strap Off Shoulder Long Sleeve Top Wanita Korean Style Ribbed Soft Knit Premium Fit Body Casual,Soft Brown,,A11-coksu,davinasoftbrown,davinasoftbrown.jpg,41070682640
A40,Ayla One Shoulder Pointed Hem,Ayla One Shoulder Pointed Hem Long Sleeve Top Wanita Korean Style Premium Fit Body Casual,Dusty Pink,,A40-pink,aylapink,aylapink.jpg,41022229828
A40,Ayla One Shoulder Pointed Hem,Ayla One Shoulder Pointed Hem Long Sleeve Top Wanita Korean Style Premium Fit Body Casual,Misty Blue,,A40-biru,aylamistyblue,aylamistyblue.jpg,41022229828
A40,Ayla One Shoulder Pointed Hem,Ayla One Shoulder Pointed Hem Long Sleeve Top Wanita Korean Style Premium Fit Body Casual,Moss Green,,A40-hijau,aylamossgreen,aylamossgreen.jpg,41022229828
A40,Ayla One Shoulder Pointed Hem,Ayla One Shoulder Pointed Hem Long Sleeve Top Wanita Korean Style Premium Fit Body Casual,Taro,,A40-ungu,aylataro,aylataro.jpg,41022229828
A40,Ayla One Shoulder Pointed Hem,Ayla One Shoulder Pointed Hem Long Sleeve Top Wanita Korean Style Premium Fit Body Casual,Misty,,A40-abu,aylamisty,aylamisty.jpg,41022229828
A40,Ayla One Shoulder Pointed Hem,Ayla One Shoulder Pointed Hem Long Sleeve Top Wanita Korean Style Premium Fit Body Casual,Soft Brown,,A40-coksu,aylasoftbrown,aylasoftbrown.jpg,41022229828
A07,Sarah Coquette Lace Tie Off,Sarah Coquette Lace Tie Off Shoulder Pointed Hem Top Wanita Korean Style Soft Knit Premium Casual - MOCHI Series,Sky Blue,,A07-biru,sarahskyblue,sarahskyblue.jpg,40816072453
A07,Sarah Coquette Lace Tie Off,Sarah Coquette Lace Tie Off Shoulder Pointed Hem Top Wanita Korean Style Soft Knit Premium Casual - MOCHI Series,Dusty Pink,,A07-pink,sarahpink,sarahpink.jpg,40816072453
A07,Sarah Coquette Lace Tie Off,Sarah Coquette Lace Tie Off Shoulder Pointed Hem Top Wanita Korean Style Soft Knit Premium Casual - MOCHI Series,Soft Brown,,A07-coksu,sarahsoftbrown,sarahsoftbrown.jpg,40816072453
A07,Sarah Coquette Lace Tie Off,Sarah Coquette Lace Tie Off Shoulder Pointed Hem Top Wanita Korean Style Soft Knit Premium Casual - MOCHI Series,Misty,,A07-abu,sarahmisty,sarahmisty.jpg,40816072453
A02,Sierra Coquette Lace Bow Ruched,Sierra Coquette Lace Bow Ruched Round Neck Oval Hem Top Wanita Korean Style Soft Knit Premium Fit Body Casual - MOCHI Series,Dusty Pink,,A02-pink,sierrapink,sierrapink.jpg,40466058510
A02,Sierra Coquette Lace Bow Ruched,Sierra Coquette Lace Bow Ruched Round Neck Oval Hem Top Wanita Korean Style Soft Knit Premium Fit Body Casual - MOCHI Series,Sky Blue,,A02-biru,sierraskyblue,sierraskyblue.jpg,40466058510
A02,Sierra Coquette Lace Bow Ruched,Sierra Coquette Lace Bow Ruched Round Neck Oval Hem Top Wanita Korean Style Soft Knit Premium Fit Body Casual - MOCHI Series,Soft Brown,,A02-coksu,sierrasoftbrown,sierrasoftbrown.jpg,40466058510
A02,Sierra Coquette Lace Bow Ruched,Sierra Coquette Lace Bow Ruched Round Neck Oval Hem Top Wanita Korean Style Soft Knit Premium Fit Body Casual - MOCHI Series,Misty,,A02-abu,sierramisty,sierramisty.jpg,40466058510
A21,Cacha Coquette Lace Bow 2,Cacha Coquette Lace Bow 2 In 1 Crop Cardigan Set Wanita Korean Style Soft Knit Premium Bell Sleeve Fit Body Casual,Putih,,A21-putih,cachaputih,cachaputih.jpg,40418542564
A21,Cacha Coquette Lace Bow 2,Cacha Coquette Lace Bow 2 In 1 Crop Cardigan Set Wanita Korean Style Soft Knit Premium Bell Sleeve Fit Body Casual,Taro,,A21-taro,cachataro,cachataro.jpg,40418542564
A21,Cacha Coquette Lace Bow 2,Cacha Coquette Lace Bow 2 In 1 Crop Cardigan Set Wanita Korean Style Soft Knit Premium Bell Sleeve Fit Body Casual,Dark Choco,,A21-coktua,cachadarkchoco,cachadarkchoco.jpg,40418542564
A21,Cacha Coquette Lace Bow 2,Cacha Coquette Lace Bow 2 In 1 Crop Cardigan Set Wanita Korean Style Soft Knit Premium Bell Sleeve Fit Body Casual,Misty Blue,,A21-biru,cachamistyblue,cachamistyblue.jpg,40418542564
A21,Cacha Coquette Lace Bow 2,Cacha Coquette Lace Bow 2 In 1 Crop Cardigan Set Wanita Korean Style Soft Knit Premium Bell Sleeve Fit Body Casual,Misty,,A21-abu,cachamisty,cachamisty.jpg,40418542564
A21,Cacha Coquette Lace Bow 2,Cacha Coquette Lace Bow 2 In 1 Crop Cardigan Set Wanita Korean Style Soft Knit Premium Bell Sleeve Fit Body Casual,Soft Brown,,A21-coksu,cachasoftbrown,cachasoftbrown.jpg,40418542564
A21,Cacha Coquette Lace Bow 2,Cacha Coquette Lace Bow 2 In 1 Crop Cardigan Set Wanita Korean Style Soft Knit Premium Bell Sleeve Fit Body Casual,Dusty Pink,,A21-pink,cachapink,cachapink.jpg,40418542564
A21,Cacha Coquette Lace Bow 2,Cacha Coquette Lace Bow 2 In 1 Crop Cardigan Set Wanita Korean Style Soft Knit Premium Bell Sleeve Fit Body Casual,Moss Green,,A21-hijau,cachamossgreen,cachamossgreen.jpg,40418542564
A21,Cacha Coquette Lace Bow 2,Cacha Coquette Lace Bow 2 In 1 Crop Cardigan Set Wanita Korean Style Soft Knit Premium Bell Sleeve Fit Body Casual,Hitam,,A21-hitam,cachahitam,cachahitam.jpg,40418542564
A21,Cacha Coquette Lace Bow 2,Cacha Coquette Lace Bow 2 In 1 Crop Cardigan Set Wanita Korean Style Soft Knit Premium Bell Sleeve Fit Body Casual,Maroon,,A21-marun,cachamaroon,cachamaroon.jpg,40418542564
A43,Noire Gold Ring One Shoulder,Noire Gold Ring One Shoulder Top Wanita Korean Style Soft Knit Premium Asymmetric Draped Fit Body Casual,Putih,,A43-putih,noireputih,noireputih.jpg,40330209513
A43,Noire Gold Ring One Shoulder,Noire Gold Ring One Shoulder Top Wanita Korean Style Soft Knit Premium Asymmetric Draped Fit Body Casual,Dark Choco,,A43-coktua,noiredarkchoco,noiredarkchoco.jpg,40330209513
A43,Noire Gold Ring One Shoulder,Noire Gold Ring One Shoulder Top Wanita Korean Style Soft Knit Premium Asymmetric Draped Fit Body Casual,Baby Blue,,A43-birmuda,noirebabyblue,noirebabyblue.jpg,40330209513
A43,Noire Gold Ring One Shoulder,Noire Gold Ring One Shoulder Top Wanita Korean Style Soft Knit Premium Asymmetric Draped Fit Body Casual,Navy,,A43-navy,noirenavy,noirenavy.jpg,40330209513
A43,Noire Gold Ring One Shoulder,Noire Gold Ring One Shoulder Top Wanita Korean Style Soft Knit Premium Asymmetric Draped Fit Body Casual,Maron,,A43-maron,noiremaroon,noiremaroon.jpg,40330209513
A43,Noire Gold Ring One Shoulder,Noire Gold Ring One Shoulder Top Wanita Korean Style Soft Knit Premium Asymmetric Draped Fit Body Casual,Soft Brown,,A43-coksu,noiresoftbrown,noiresoftbrown.jpg,40330209513
A43,Noire Gold Ring One Shoulder,Noire Gold Ring One Shoulder Top Wanita Korean Style Soft Knit Premium Asymmetric Draped Fit Body Casual,Hitam,,A43-hitam,noirehitam,noirehitam.jpg,40330209513
A43,Noire Gold Ring One Shoulder,Noire Gold Ring One Shoulder Top Wanita Korean Style Soft Knit Premium Asymmetric Draped Fit Body Casual,Dusty Pink,,A43-pink,noirepink,noirepink.jpg,40330209513
A43,Noire Gold Ring One Shoulder,Noire Gold Ring One Shoulder Top Wanita Korean Style Soft Knit Premium Asymmetric Draped Fit Body Casual,Misty,,A43-abu,noiremisty,noiremisty.jpg,40330209513
A06,Sasha Coquette Triple Bow Lace,Sasha Coquette Triple Bow Lace Layered Top Wanita Korean Style Soft Knit Premium Fit Body Casual - MOCHI Series,Dusty Pink,,A06-pink,sashapink,sashapink.jpg,40066089917
A06,Sasha Coquette Triple Bow Lace,Sasha Coquette Triple Bow Lace Layered Top Wanita Korean Style Soft Knit Premium Fit Body Casual - MOCHI Series,Soft Brown,,A06-coksu,sashasoftbrown,sashasoftbrown.jpg,40066089917
A06,Sasha Coquette Triple Bow Lace,Sasha Coquette Triple Bow Lace Layered Top Wanita Korean Style Soft Knit Premium Fit Body Casual - MOCHI Series,Misty,,A06-abu,sashamisty,sashamisty.jpg,40066089917
A06,Sasha Coquette Triple Bow Lace,Sasha Coquette Triple Bow Lace Layered Top Wanita Korean Style Soft Knit Premium Fit Body Casual - MOCHI Series,Sky Blue,,A06-biru,sashaskyblue,sashaskyblue.jpg,40066089917
A38,Virly Ruched Waist V-Neck Cardigan,Virly Ruched Waist V-Neck Cardigan Wanita Korean Style Soft Knit Premium Fit Body Casual,Putih,,A38-putih,virlyputih,virlyputih.jpg,28643509129
A38,Virly Ruched Waist V-Neck Cardigan,Virly Ruched Waist V-Neck Cardigan Wanita Korean Style Soft Knit Premium Fit Body Casual,Hitam,,A38-hitam,virlyhitam,virlyhitam.jpg,28643509129
A38,Virly Ruched Waist V-Neck Cardigan,Virly Ruched Waist V-Neck Cardigan Wanita Korean Style Soft Knit Premium Fit Body Casual,Maroon,,A38-marun,virlymaroon,virlymaroon.jpg,28643509129
A19,Cindy Button Detail Draped One,Cindy Button Detail Draped One Shoulder Top Wanita Korean Style Soft Knit Premium Fit Body Casual,Soft Brown,,A19-coksu,cindysoftbrown,cindysoftbrown.jpg,28141392638
A19,Cindy Button Detail Draped One,Cindy Button Detail Draped One Shoulder Top Wanita Korean Style Soft Knit Premium Fit Body Casual,Dusty Pink,,A19-pink,cindypink,cindypink.jpg,28141392638
A19,Cindy Button Detail Draped One,Cindy Button Detail Draped One Shoulder Top Wanita Korean Style Soft Knit Premium Fit Body Casual,Misty Blue,,A19-biru,cindymistyblue,cindymistyblue.jpg,28141392638
A19,Cindy Button Detail Draped One,Cindy Button Detail Draped One Shoulder Top Wanita Korean Style Soft Knit Premium Fit Body Casual,Moss Green,,A19-hijau,cindymossgreen,cindymossgreen.jpg,28141392638
A19,Cindy Button Detail Draped One,Cindy Button Detail Draped One Shoulder Top Wanita Korean Style Soft Knit Premium Fit Body Casual,Baby blue,,A19-birmud,cindybabyblue,cindybabyblue.jpg,28141392638
A19,Cindy Button Detail Draped One,Cindy Button Detail Draped One Shoulder Top Wanita Korean Style Soft Knit Premium Fit Body Casual,Taro,,A19-taro,cindytaro,cindytaro.jpg,28141392638
A19,Cindy Button Detail Draped One,Cindy Button Detail Draped One Shoulder Top Wanita Korean Style Soft Knit Premium Fit Body Casual,Misty,,A19-abu,cindymisty,cindymisty.jpg,28141392638
A24,Cecil Bow Tie Strap Off,Cecil Bow Tie Strap Off Shoulder Top Wanita Korean Style Soft Knit Premium Fit Body Casual,Misty Blue,,A24-biru,cecilmistyblue,cecilmistyblue.jpg,27641115225
A24,Cecil Bow Tie Strap Off,Cecil Bow Tie Strap Off Shoulder Top Wanita Korean Style Soft Knit Premium Fit Body Casual,Moss Green,,A24-hijau,cecilmossgreen,cecilmossgreen.jpg,27641115225
A24,Cecil Bow Tie Strap Off,Cecil Bow Tie Strap Off Shoulder Top Wanita Korean Style Soft Knit Premium Fit Body Casual,Taro,,A24-taro,ceciltaro,ceciltaro.jpg,27641115225
A24,Cecil Bow Tie Strap Off,Cecil Bow Tie Strap Off Shoulder Top Wanita Korean Style Soft Knit Premium Fit Body Casual,Misty,,A24-misty,cecilmisty,cecilmisty.jpg,27641115225
A24,Cecil Bow Tie Strap Off,Cecil Bow Tie Strap Off Shoulder Top Wanita Korean Style Soft Knit Premium Fit Body Casual,Soft Brown,,A24-coksu,cecilsoftbrown,cecilsoftbrown.jpg,27641115225
A24,Cecil Bow Tie Strap Off,Cecil Bow Tie Strap Off Shoulder Top Wanita Korean Style Soft Knit Premium Fit Body Casual,Dusty Pink,,A24-pink,cecilpink,cecilpink.jpg,27641115225
A16,Cynthia Square Neck Pointed Hem,Cynthia Square Neck Pointed Hem Long Sleeve Top Wanita Korean Style Premium Fit Body Casual,Misty Blue,,A16-biru,cynthiamistyblue,cynthiamistyblue.jpg,27541109650
A16,Cynthia Square Neck Pointed Hem,Cynthia Square Neck Pointed Hem Long Sleeve Top Wanita Korean Style Premium Fit Body Casual,Moss Green,,A16-hijau,cynthiamossgreen,cynthiamossgreen.jpg,27541109650
A16,Cynthia Square Neck Pointed Hem,Cynthia Square Neck Pointed Hem Long Sleeve Top Wanita Korean Style Premium Fit Body Casual,Taro,,A16-taro,cynthiataro,cynthiataro.jpg,27541109650
A16,Cynthia Square Neck Pointed Hem,Cynthia Square Neck Pointed Hem Long Sleeve Top Wanita Korean Style Premium Fit Body Casual,Misty,,A16-abu,cynthiamisty,cynthiamisty.jpg,27541109650
A16,Cynthia Square Neck Pointed Hem,Cynthia Square Neck Pointed Hem Long Sleeve Top Wanita Korean Style Premium Fit Body Casual,Soft Brown,,A16-coksu,cynthiasoftbrown,cynthiasoftbrown.jpg,27541109650
A16,Cynthia Square Neck Pointed Hem,Cynthia Square Neck Pointed Hem Long Sleeve Top Wanita Korean Style Premium Fit Body Casual,Dusty Pink,,A16-pink,cynthiapink,cynthiapink.jpg,27541109650
A03,Sally Coquette Multiway Lace Bow,Sally Coquette Multiway Lace Bow Top Wanita Korean Style Soft Knit Premium Fit Body Casual - MOCHI Series,Soft Brown,,A03-coksu,sallysoftbrown,sallysoftbrown.jpg,27290308731
A03,Sally Coquette Multiway Lace Bow,Sally Coquette Multiway Lace Bow Top Wanita Korean Style Soft Knit Premium Fit Body Casual - MOCHI Series,Misty,,A03-abu,sallymisty,sallymisty.jpg,27290308731
A03,Sally Coquette Multiway Lace Bow,Sally Coquette Multiway Lace Bow Top Wanita Korean Style Soft Knit Premium Fit Body Casual - MOCHI Series,Sky Blue,,A03-biru,sallyskyblue,sallyskyblue.jpg,27290308731
A03,Sally Coquette Multiway Lace Bow,Sally Coquette Multiway Lace Bow Top Wanita Korean Style Soft Knit Premium Fit Body Casual - MOCHI Series,Dusty Pink,,A03-pink,sallypink,sallypink.jpg,27290308731
A28,Tiara One Shoulder Pointed Hem,Tiara One Shoulder Pointed Hem Top Wanita Korean Style Premium Fit Body Casual,Maron,,A28-maron,tiaramaroon,tiaramaroon.jpg,26841115121
A28,Tiara One Shoulder Pointed Hem,Tiara One Shoulder Pointed Hem Top Wanita Korean Style Premium Fit Body Casual,Moss Green,,A28-hijau,tiaramossgreen,tiaramossgreen.jpg,26841115121
A28,Tiara One Shoulder Pointed Hem,Tiara One Shoulder Pointed Hem Top Wanita Korean Style Premium Fit Body Casual,Dusty Pink,,A28-pink,tiarapink,tiarapink.jpg,26841115121
A28,Tiara One Shoulder Pointed Hem,Tiara One Shoulder Pointed Hem Top Wanita Korean Style Premium Fit Body Casual,Hitam,,A28-hitam,tiarahitam,tiarahitam.jpg,26841115121
A28,Tiara One Shoulder Pointed Hem,Tiara One Shoulder Pointed Hem Top Wanita Korean Style Premium Fit Body Casual,Soft Brown,,A28-coksu,tiarasoftbrown,tiarasoftbrown.jpg,26841115121
A28,Tiara One Shoulder Pointed Hem,Tiara One Shoulder Pointed Hem Top Wanita Korean Style Premium Fit Body Casual,Misty,,A28-abu,tiaramisty,tiaramisty.jpg,26841115121
A28,Tiara One Shoulder Pointed Hem,Tiara One Shoulder Pointed Hem Top Wanita Korean Style Premium Fit Body Casual,Taro,,A28-taro,tiarataro,tiarataro.jpg,26841115121
A28,Tiara One Shoulder Pointed Hem,Tiara One Shoulder Pointed Hem Top Wanita Korean Style Premium Fit Body Casual,Misty Blue,,A28-biru,tiaramistyblue,tiaramistyblue.jpg,26841115121
A28,Tiara One Shoulder Pointed Hem,Tiara One Shoulder Pointed Hem Top Wanita Korean Style Premium Fit Body Casual,Dark Choco,,A28-coktua,tiaradarkchoco,tiaradarkchoco.jpg,26841115121
A28,Tiara One Shoulder Pointed Hem,Tiara One Shoulder Pointed Hem Top Wanita Korean Style Premium Fit Body Casual,Putih,,A28-putih,tiaraputih,tiaraputih.jpg,26841115121
A01,Stevy Lace Bow Knit Top,Stevy Lace Bow Knit Top Wanita Korean Style Stretch Knit Renda Coquette Y2K Casual - MOCHI Series,Tocsa,M/L/XL,A01,stevytosca,stevytosca.jpg,26840369369
A01,Stevy Lace Bow Knit Top,Stevy Lace Bow Knit Top Wanita Korean Style Stretch Knit Renda Coquette Y2K Casual - MOCHI Series,Hitam,L/M/XL,A01,stevyhitam,stevyhitam.jpg,26840369369
A01,Stevy Lace Bow Knit Top,Stevy Lace Bow Knit Top Wanita Korean Style Stretch Knit Renda Coquette Y2K Casual - MOCHI Series,Misty,XL/M/L,A01,stevymisty,stevymisty.jpg,26840369369
A01,Stevy Lace Bow Knit Top,Stevy Lace Bow Knit Top Wanita Korean Style Stretch Knit Renda Coquette Y2K Casual - MOCHI Series,Maron,M/XL/L,A01,stevymaroon,stevymaroon.jpg,26840369369
A01,Stevy Lace Bow Knit Top,Stevy Lace Bow Knit Top Wanita Korean Style Stretch Knit Renda Coquette Y2K Casual - MOCHI Series,Ash grey,XL/M/L,A01,stevyashgrey,stevyashgrey.jpg,26840369369
A01,Stevy Lace Bow Knit Top,Stevy Lace Bow Knit Top Wanita Korean Style Stretch Knit Renda Coquette Y2K Casual - MOCHI Series,Cokelat,M/XL/L,A01,stevycoklat,stevycoklat.jpg,26840369369
A01,Stevy Lace Bow Knit Top,Stevy Lace Bow Knit Top Wanita Korean Style Stretch Knit Renda Coquette Y2K Casual - MOCHI Series,Dusty Pink,M/XL/L,A01,stevypink,stevypink.jpg,26840369369
A01,Stevy Lace Bow Knit Top,Stevy Lace Bow Knit Top Wanita Korean Style Stretch Knit Renda Coquette Y2K Casual - MOCHI Series,Soft Brown,L/M/XL,A01,stevysoftbrown,stevysoftbrown.jpg,26840369369
A01,Stevy Lace Bow Knit Top,Stevy Lace Bow Knit Top Wanita Korean Style Stretch Knit Renda Coquette Y2K Casual - MOCHI Series,Sky Blue,L/M/XL,A01,stevyskyblue,stevyskyblue.jpg,26840369369
A29,Claire One Shoulder Asymmetric Knit,Claire One Shoulder Asymmetric Knit Top Wanita Korean Style Soft Knit Premium Fit Body Casual,Taro,,A29-taro,clairetaro,clairetaro.jpg,26741111516
A29,Claire One Shoulder Asymmetric Knit,Claire One Shoulder Asymmetric Knit Top Wanita Korean Style Soft Knit Premium Fit Body Casual,Hitam,,A29-hitam,clairehitam,clairehitam.jpg,26741111516
A29,Claire One Shoulder Asymmetric Knit,Claire One Shoulder Asymmetric Knit Top Wanita Korean Style Soft Knit Premium Fit Body Casual,Misty Blue,,A29-biru,clairemistyblue,clairemistyblue.jpg,26741111516
A29,Claire One Shoulder Asymmetric Knit,Claire One Shoulder Asymmetric Knit Top Wanita Korean Style Soft Knit Premium Fit Body Casual,Soft Brown,,A29-coksu,clairesoftbrown,clairesoftbrown.jpg,26741111516
A29,Claire One Shoulder Asymmetric Knit,Claire One Shoulder Asymmetric Knit Top Wanita Korean Style Soft Knit Premium Fit Body Casual,Misty,,A29-abu,clairemisty,clairemisty.jpg,26741111516
A29,Claire One Shoulder Asymmetric Knit,Claire One Shoulder Asymmetric Knit Top Wanita Korean Style Soft Knit Premium Fit Body Casual,Dark Choco,,A29-coktua,clairedarkchoco,clairedarkchoco.jpg,26741111516
A29,Claire One Shoulder Asymmetric Knit,Claire One Shoulder Asymmetric Knit Top Wanita Korean Style Soft Knit Premium Fit Body Casual,Putih,,A29-putih,claireputih,claireputih.jpg,26741111516
A29,Claire One Shoulder Asymmetric Knit,Claire One Shoulder Asymmetric Knit Top Wanita Korean Style Soft Knit Premium Fit Body Casual,Dusty Pink,,A29-pink,clairepink,clairepink.jpg,26741111516
A29,Claire One Shoulder Asymmetric Knit,Claire One Shoulder Asymmetric Knit Top Wanita Korean Style Soft Knit Premium Fit Body Casual,Moss Green,,A29-hijau,clairemossgreen,clairemossgreen.jpg,26741111516
A29,Claire One Shoulder Asymmetric Knit,Claire One Shoulder Asymmetric Knit Top Wanita Korean Style Soft Knit Premium Fit Body Casual,Maron,,A29-maron,clairemaroon,clairemaroon.jpg,26741111516
7017,Lovely Collar Crop Top Bordir,Lovely Collar Crop Top Bordir Love Wanita Korean Style Premium Rayon Spandex Fit Body Casual,Cokelat Tua,S/M/L,7017,lovelycoklattua,lovelycoklattua.jpg,25247990914
7017,Lovely Collar Crop Top Bordir,Lovely Collar Crop Top Bordir Love Wanita Korean Style Premium Rayon Spandex Fit Body Casual,Abu Tua,S/L/M,7017,lovelyabutua,lovelyabutua.jpg,25247990914
7017,Lovely Collar Crop Top Bordir,Lovely Collar Crop Top Bordir Love Wanita Korean Style Premium Rayon Spandex Fit Body Casual,Salem,S/M/L,7017,lovelysalem,lovelysalem.jpg,25247990914
7017,Lovely Collar Crop Top Bordir,Lovely Collar Crop Top Bordir Love Wanita Korean Style Premium Rayon Spandex Fit Body Casual,Maroon,S/L/M,7017,lovelymaroon,lovelymaroon.jpg,25247990914
7017,Lovely Collar Crop Top Bordir,Lovely Collar Crop Top Bordir Love Wanita Korean Style Premium Rayon Spandex Fit Body Casual,Khaki,M/S/L,7017,lovelykhaki,lovelykhaki.jpg,25247990914
7017,Lovely Collar Crop Top Bordir,Lovely Collar Crop Top Bordir Love Wanita Korean Style Premium Rayon Spandex Fit Body Casual,Hitam,S/M/L,7017,lovelyhitam,lovelyhitam.jpg,25247990914
S01,Luvita Ribbed Knit Two Set,Luvita Ribbed Knit Two Set Long Sleeve & Long Pants Wanita Korean Style Fit Body Casual,Cream,,S01-cream,luvitacream,luvitacream.jpg,24446933507
S01,Luvita Ribbed Knit Two Set,Luvita Ribbed Knit Two Set Long Sleeve & Long Pants Wanita Korean Style Fit Body Casual,Hitam,,S01-hitam,luvitahitam,luvitahitam.jpg,24446933507
S01,Luvita Ribbed Knit Two Set,Luvita Ribbed Knit Two Set Long Sleeve & Long Pants Wanita Korean Style Fit Body Casual,Biru,,S01-biru,luvitabiru,luvitabiru.jpg,24446933507
S01,Luvita Ribbed Knit Two Set,Luvita Ribbed Knit Two Set Long Sleeve & Long Pants Wanita Korean Style Fit Body Casual,Hijau,,S01-hijau,luvitahijau,luvitahijau.jpg,24446933507
